{"type":"FeatureCollection","properties":{"source":"openknowledgenp/localboundaries","source_url":"https://github.com/openknowledgenp/localboundaries","license":"MIT","note":"District boundaries subset to flood-affected districts, precision reduced to ~11 m."},"features":[{"type":"Feature","properties":{"name_en":"Rasuwa","name_ne":"रसुवा","status":"severe","province":"Bagmati Province"},"geometry":{"type":"Polygon","coordinates":[[[85.3941,28.0356],[85.3935,28.0323],[85.3921,28.0303],[85.3825,28.0252],[85.3796,28.0228],[85.3774,28.0219],[85.3752,28.0224],[85.3734,28.0216],[85.3715,28.0186],[85.3695,28.0171],[85.3659,28.0158],[85.3612,28.0129],[85.3572,28.0115],[85.3514,28.011],[85.3469,28.0112],[85.3443,28.0097],[85.3402,28.0043],[85.3389,28.0021],[85.3378,27.9983],[85.3357,27.9928],[85.3343,27.9902],[85.3319,27.9883],[85.3267,27.987],[85.3244,27.9887],[85.3213,27.9892],[85.3162,27.988],[85.3116,27.9875],[85.3069,27.9861],[85.3008,27.9826],[85.2977,27.9829],[85.2953,27.9822],[85.2922,27.9829],[85.2889,27.979],[85.2868,27.9774],[85.283,27.9726],[85.282,27.968],[85.2786,27.9649],[85.2731,27.9673],[85.2713,27.9667],[85.2682,27.968],[85.2668,27.9691],[85.2619,27.972],[85.2592,27.9714],[85.2581,27.974],[85.2571,27.974],[85.2558,27.9713],[85.2524,27.9716],[85.2503,27.9724],[85.2471,27.9727],[85.2386,27.9743],[85.2363,27.973],[85.2347,27.9729],[85.2311,27.9742],[85.2293,27.9745],[85.2247,27.9738],[85.2226,27.9752],[85.2205,27.9751],[85.2187,27.9738],[85.2157,27.9727],[85.2128,27.9738],[85.2068,27.975],[85.2003,27.9751],[85.1969,27.9757],[85.1916,27.9761],[85.1902,27.9758],[85.1865,27.9727],[85.185,27.9743],[85.1837,27.9793],[85.1825,27.9817],[85.1829,27.9847],[85.1826,27.9878],[85.1847,27.9891],[85.1851,27.9904],[85.1847,27.9931],[85.1883,27.9963],[85.1862,28.0025],[85.1869,28.004],[85.1862,28.0053],[85.186,28.0094],[85.1872,28.0142],[85.1897,28.0185],[85.1888,28.0192],[85.1845,28.0198],[85.18,28.0208],[85.1782,28.0202],[85.1755,28.0211],[85.1717,28.0216],[85.1683,28.024],[85.1634,28.0242],[85.1588,28.0265],[85.1547,28.0267],[85.1506,28.0274],[85.147,28.0271],[85.1425,28.0289],[85.1408,28.0303],[85.1384,28.0331],[85.1353,28.0379],[85.1356,28.0398],[85.1381,28.0443],[85.1401,28.0488],[85.1449,28.0533],[85.1476,28.0577],[85.1516,28.0626],[85.1544,28.0654],[85.1569,28.0689],[85.1599,28.0707],[85.1608,28.0723],[85.1636,28.0735],[85.1656,28.0756],[85.1689,28.0769],[85.1727,28.0811],[85.1721,28.0832],[85.1645,28.0862],[85.1618,28.0866],[85.1578,28.0882],[85.1546,28.0876],[85.1535,28.0879],[85.1487,28.0871],[85.1413,28.0853],[85.138,28.0839],[85.1319,28.0857],[85.1287,28.0881],[85.1265,28.0893],[85.1247,28.091],[85.1253,28.0954],[85.125,28.0995],[85.126,28.1025],[85.1263,28.1053],[85.1289,28.1073],[85.1372,28.1088],[85.1401,28.1097],[85.144,28.1118],[85.1489,28.1148],[85.1519,28.1171],[85.1574,28.1252],[85.16,28.1283],[85.1603,28.1315],[85.1584,28.1337],[85.1567,28.1393],[85.1584,28.1425],[85.1647,28.1487],[85.1667,28.1501],[85.1716,28.1547],[85.1732,28.1568],[85.1745,28.1595],[85.1764,28.1622],[85.1801,28.1648],[85.1849,28.1668],[85.1904,28.1678],[85.1963,28.1676],[85.198,28.1686],[85.2018,28.1754],[85.2027,28.1796],[85.2011,28.1835],[85.2013,28.1854],[85.2029,28.1878],[85.2036,28.1924],[85.2048,28.194],[85.2061,28.1975],[85.2057,28.2006],[85.2066,28.2038],[85.205,28.2069],[85.2042,28.2098],[85.2019,28.2125],[85.1932,28.2175],[85.1908,28.2193],[85.1897,28.2231],[85.191,28.2241],[85.1904,28.2269],[85.1907,28.2282],[85.1932,28.2303],[85.1954,28.2342],[85.1948,28.2391],[85.197,28.2448],[85.2044,28.2494],[85.2048,28.25],[85.2027,28.2564],[85.2007,28.259],[85.1974,28.2611],[85.1948,28.2643],[85.1908,28.2654],[85.1898,28.2662],[85.1885,28.269],[85.187,28.2731],[85.1866,28.2758],[85.1848,28.2777],[85.1829,28.2807],[85.1822,28.2848],[85.1814,28.2865],[85.1819,28.2889],[85.1816,28.2913],[85.1794,28.2951],[85.1815,28.3004],[85.1812,28.3021],[85.1795,28.3057],[85.176,28.3114],[85.1736,28.3143],[85.1697,28.3205],[85.1659,28.3255],[85.1621,28.3317],[85.1691,28.3314],[85.1713,28.3302],[85.1724,28.3287],[85.1764,28.3277],[85.1779,28.3267],[85.1819,28.3255],[85.1845,28.3243],[85.1878,28.3277],[85.1927,28.3314],[85.1958,28.333],[85.1978,28.3367],[85.2006,28.3392],[85.2025,28.3403],[85.2047,28.3405],[85.2063,28.3398],[85.2125,28.3361],[85.2176,28.3318],[85.2212,28.3306],[85.2279,28.3259],[85.2309,28.3249],[85.2336,28.3223],[85.2386,28.3209],[85.2437,28.3176],[85.2464,28.3139],[85.247,28.3111],[85.2483,28.3084],[85.2494,28.303],[85.2501,28.3021],[85.2548,28.2988],[85.2564,28.2966],[85.257,28.2943],[85.2612,28.2948],[85.2661,28.2965],[85.2686,28.2979],[85.2713,28.2979],[85.2727,28.2972],[85.2756,28.2942],[85.2759,28.2914],[85.2751,28.2897],[85.2752,28.2876],[85.2892,28.2878],[85.2952,28.2874],[85.2972,28.2894],[85.301,28.2906],[85.3054,28.2897],[85.3082,28.2912],[85.3099,28.291],[85.3135,28.2918],[85.3194,28.2937],[85.3252,28.2958],[85.3276,28.2989],[85.3338,28.3],[85.3385,28.3023],[85.3421,28.3037],[85.3447,28.3025],[85.3489,28.3022],[85.3505,28.3015],[85.3504,28.2929],[85.3494,28.2912],[85.3505,28.2883],[85.3549,28.2865],[85.3579,28.2868],[85.3623,28.2857],[85.3662,28.2855],[85.3704,28.2859],[85.3731,28.2853],[85.3778,28.2826],[85.3797,28.2785],[85.3829,28.2802],[85.384,28.2815],[85.3888,28.2845],[85.3897,28.2863],[85.3926,28.288],[85.3942,28.2883],[85.3965,28.2916],[85.399,28.294],[85.4,28.2981],[85.4028,28.2994],[85.4044,28.3008],[85.408,28.3029],[85.4111,28.3055],[85.4116,28.3067],[85.4146,28.3087],[85.4157,28.312],[85.4164,28.3159],[85.4162,28.3185],[85.4154,28.3231],[85.4158,28.3249],[85.4177,28.3269],[85.4207,28.3272],[85.4237,28.3291],[85.4269,28.33],[85.4325,28.3301],[85.4347,28.3313],[85.4371,28.3335],[85.4396,28.3346],[85.4424,28.3351],[85.4483,28.3354],[85.4496,28.335],[85.4547,28.3352],[85.4603,28.3368],[85.4676,28.3356],[85.4708,28.3344],[85.481,28.3328],[85.4859,28.333],[85.4891,28.3311],[85.4931,28.331],[85.4988,28.3322],[85.5002,28.3334],[85.5025,28.3331],[85.5088,28.3338],[85.514,28.3318],[85.5207,28.3307],[85.5253,28.3288],[85.5283,28.3281],[85.5327,28.3255],[85.5376,28.323],[85.5411,28.3198],[85.5455,28.3189],[85.5471,28.3178],[85.5496,28.3152],[85.554,28.3142],[85.5602,28.3111],[85.5645,28.3096],[85.5681,28.3101],[85.5703,28.3094],[85.5727,28.3093],[85.5782,28.3102],[85.5808,28.309],[85.5827,28.3061],[85.5904,28.3082],[85.5954,28.3083],[85.6029,28.3042],[85.5989,28.2988],[85.5992,28.2923],[85.6008,28.289],[85.6011,28.2847],[85.6009,28.2812],[85.6013,28.2791],[85.6036,28.2724],[85.604,28.2699],[85.6051,28.2677],[85.6059,28.2644],[85.6077,28.2628],[85.6086,28.2609],[85.6092,28.2573],[85.611,28.2567],[85.6139,28.2583],[85.6215,28.262],[85.6231,28.2632],[85.6293,28.2669],[85.6328,28.2709],[85.6391,28.275],[85.6404,28.2773],[85.6435,28.2809],[85.6469,28.2879],[85.6474,28.2896],[85.6513,28.2924],[85.6547,28.2961],[85.663,28.3028],[85.6639,28.3046],[85.662,28.3083],[85.6583,28.3123],[85.656,28.3163],[85.657,28.32],[85.6604,28.3251],[85.6636,28.326],[85.6649,28.3288],[85.6667,28.3315],[85.6667,28.3355],[85.668,28.3383],[85.6681,28.3431],[85.6686,28.3455],[85.6679,28.3473],[85.6688,28.3484],[85.672,28.3493],[85.6785,28.3505],[85.6838,28.3495],[85.6861,28.3471],[85.6885,28.3467],[85.6882,28.3491],[85.6877,28.3595],[85.6873,28.363],[85.6863,28.3775],[85.6867,28.3825],[85.6917,28.3839],[85.6949,28.3844],[85.6976,28.3855],[85.7032,28.3844],[85.706,28.3851],[85.7098,28.3852],[85.7138,28.3861],[85.7148,28.383],[85.7161,28.3814],[85.7186,28.3769],[85.722,28.3739],[85.7266,28.3732],[85.7256,28.3719],[85.7226,28.3695],[85.7212,28.3671],[85.7229,28.3622],[85.7223,28.3593],[85.725,28.3531],[85.7274,28.3521],[85.7291,28.3493],[85.7289,28.3483],[85.7303,28.3455],[85.7305,28.3429],[85.7337,28.3403],[85.7346,28.3391],[85.7343,28.3362],[85.7311,28.333],[85.7299,28.3301],[85.7304,28.3278],[85.7344,28.3259],[85.7382,28.3234],[85.7384,28.3213],[85.7396,28.3191],[85.739,28.3125],[85.74,28.3092],[85.7384,28.3067],[85.7386,28.3033],[85.7379,28.3012],[85.7383,28.2984],[85.7352,28.2943],[85.7355,28.2908],[85.7379,28.2881],[85.7391,28.2859],[85.7405,28.2845],[85.7418,28.2759],[85.745,28.2722],[85.7454,28.2694],[85.7448,28.2672],[85.7447,28.2641],[85.7453,28.2613],[85.7453,28.2567],[85.7479,28.2535],[85.7507,28.2489],[85.7504,28.2446],[85.7506,28.2401],[85.7519,28.2372],[85.7561,28.2352],[85.7574,28.2336],[85.7593,28.2287],[85.761,28.2277],[85.7663,28.2271],[85.7702,28.2225],[85.7745,28.2197],[85.7779,28.2161],[85.7783,28.2145],[85.777,28.2111],[85.7787,28.2084],[85.7813,28.2079],[85.7842,28.2083],[85.7866,28.2053],[85.7903,28.204],[85.7933,28.2036],[85.7969,28.2002],[85.8015,28.198],[85.8023,28.1962],[85.8025,28.1947],[85.8015,28.1904],[85.7998,28.1886],[85.796,28.188],[85.796,28.1844],[85.7932,28.1827],[85.7897,28.1814],[85.7827,28.1779],[85.7815,28.1747],[85.7808,28.1741],[85.7774,28.1753],[85.774,28.1749],[85.769,28.1762],[85.765,28.1754],[85.7615,28.1756],[85.7572,28.1746],[85.752,28.1751],[85.7499,28.1744],[85.7464,28.1718],[85.7449,28.1713],[85.74,28.1718],[85.739,28.1711],[85.7328,28.1703],[85.73,28.1695],[85.7268,28.1701],[85.726,28.1732],[85.7252,28.1737],[85.7216,28.1739],[85.7183,28.1723],[85.7156,28.1704],[85.7148,28.1684],[85.7157,28.1657],[85.7156,28.1624],[85.7123,28.1617],[85.7096,28.1619],[85.7057,28.1638],[85.7042,28.163],[85.701,28.1592],[85.6958,28.1577],[85.6909,28.1558],[85.6857,28.1558],[85.6845,28.1567],[85.6837,28.1575],[85.6796,28.158],[85.6764,28.1572],[85.6719,28.1552],[85.667,28.1536],[85.6646,28.1541],[85.661,28.1537],[85.6549,28.1518],[85.6532,28.1509],[85.6518,28.1474],[85.6508,28.1461],[85.6439,28.1446],[85.6399,28.1411],[85.6376,28.1379],[85.638,28.1352],[85.6361,28.1331],[85.6351,28.1304],[85.6337,28.1296],[85.6317,28.1298],[85.6295,28.1291],[85.6279,28.1293],[85.623,28.1316],[85.6188,28.1325],[85.6173,28.1339],[85.6167,28.1355],[85.6166,28.1396],[85.6179,28.1432],[85.6161,28.1461],[85.6153,28.1503],[85.6137,28.1514],[85.6095,28.1525],[85.6074,28.1553],[85.6039,28.1579],[85.6011,28.1577],[85.5991,28.1563],[85.5962,28.1557],[85.5913,28.1535],[85.5898,28.1539],[85.5863,28.1532],[85.5812,28.157],[85.5782,28.1565],[85.5739,28.1608],[85.5719,28.1616],[85.5699,28.1616],[85.5662,28.1628],[85.5634,28.1644],[85.5603,28.1668],[85.5568,28.1681],[85.5545,28.1678],[85.5497,28.1684],[85.5462,28.1676],[85.5422,28.1673],[85.5353,28.1673],[85.5346,28.1635],[85.5327,28.1607],[85.5291,28.1572],[85.5266,28.157],[85.523,28.155],[85.5169,28.1541],[85.5123,28.1528],[85.5096,28.1527],[85.5056,28.1519],[85.5039,28.1502],[85.5005,28.145],[85.4975,28.1415],[85.4926,28.1385],[85.4932,28.1335],[85.4956,28.1278],[85.4972,28.125],[85.4976,28.1221],[85.4958,28.1177],[85.4937,28.1144],[85.4915,28.1124],[85.4915,28.1056],[85.4892,28.1049],[85.4833,28.1055],[85.4757,28.105],[85.4733,28.1035],[85.4607,28.0934],[85.4579,28.0919],[85.4538,28.0918],[85.449,28.0906],[85.4469,28.0892],[85.4463,28.0864],[85.4441,28.0824],[85.4402,28.0821],[85.4381,28.0809],[85.4348,28.0803],[85.4302,28.0756],[85.428,28.0723],[85.43,28.0676],[85.4299,28.0654],[85.4286,28.0624],[85.4269,28.061],[85.4228,28.0597],[85.4207,28.0598],[85.4178,28.0616],[85.4146,28.0618],[85.4121,28.0604],[85.4107,28.0581],[85.4073,28.0551],[85.4066,28.0539],[85.4062,28.0491],[85.4049,28.0439],[85.4063,28.0402],[85.4014,28.0367],[85.3997,28.0367],[85.3976,28.0378],[85.3941,28.0356]]]}},{"type":"Feature","properties":{"name_en":"Nuwakot","name_ne":"नुवाकोट","status":"severe","province":"Bagmati Province"},"geometry":{"type":"Polygon","coordinates":[[[85.2784,27.7908],[85.2746,27.7864],[85.2695,27.781],[85.2629,27.7785],[85.2614,27.7784],[85.2597,27.78],[85.2577,27.7794],[85.2549,27.7754],[85.2526,27.7752],[85.2515,27.7737],[85.2481,27.7729],[85.2479,27.7746],[85.2441,27.7749],[85.2429,27.7733],[85.241,27.7746],[85.2353,27.7742],[85.2348,27.7729],[85.2329,27.7736],[85.2286,27.7724],[85.2263,27.7727],[85.2257,27.774],[85.2233,27.7753],[85.2195,27.774],[85.2163,27.774],[85.2149,27.7734],[85.2134,27.7714],[85.2123,27.7726],[85.2106,27.7708],[85.2088,27.7734],[85.208,27.7731],[85.2075,27.7699],[85.2045,27.7733],[85.2033,27.7708],[85.1999,27.769],[85.1995,27.7703],[85.1942,27.7705],[85.1928,27.7693],[85.191,27.7692],[85.1882,27.7714],[85.1819,27.7717],[85.18,27.7708],[85.1793,27.7679],[85.1778,27.7672],[85.1762,27.768],[85.1743,27.7666],[85.171,27.7665],[85.1686,27.7673],[85.1662,27.766],[85.1618,27.7654],[85.1573,27.7667],[85.1538,27.7659],[85.1515,27.7636],[85.1498,27.7635],[85.1466,27.7645],[85.1456,27.7642],[85.1418,27.7656],[85.1393,27.7632],[85.1371,27.7616],[85.1343,27.7622],[85.133,27.7639],[85.13,27.7605],[85.1265,27.7609],[85.1263,27.7625],[85.1248,27.7625],[85.1222,27.7669],[85.1193,27.7676],[85.1179,27.7685],[85.1167,27.7714],[85.1174,27.7725],[85.1166,27.7741],[85.1145,27.7727],[85.1135,27.7752],[85.112,27.7754],[85.111,27.7742],[85.1081,27.7741],[85.1043,27.7761],[85.1021,27.7782],[85.1001,27.7783],[85.099,27.7794],[85.0986,27.781],[85.0969,27.7818],[85.0956,27.7835],[85.0903,27.7875],[85.0883,27.7873],[85.0848,27.7885],[85.0838,27.7897],[85.0824,27.7894],[85.0794,27.791],[85.0764,27.7919],[85.0725,27.7914],[85.0698,27.7925],[85.0671,27.7922],[85.0624,27.7937],[85.0588,27.7955],[85.0583,27.7967],[85.0562,27.7966],[85.0546,27.7973],[85.0541,27.7988],[85.0522,27.7994],[85.0515,27.8006],[85.0488,27.8014],[85.0477,27.8051],[85.0492,27.8064],[85.0508,27.8096],[85.0496,27.8104],[85.0493,27.8128],[85.0468,27.8117],[85.0438,27.8122],[85.0432,27.8152],[85.042,27.8155],[85.0397,27.8145],[85.037,27.8151],[85.0344,27.8148],[85.0313,27.8151],[85.0304,27.8161],[85.0287,27.8148],[85.0249,27.8144],[85.0231,27.8135],[85.0222,27.8122],[85.0201,27.8117],[85.0202,27.81],[85.0148,27.8092],[85.0142,27.8115],[85.0151,27.8133],[85.0176,27.8161],[85.0178,27.8197],[85.0188,27.8212],[85.0199,27.8246],[85.019,27.8265],[85.023,27.8298],[85.0251,27.8328],[85.0226,27.8341],[85.0196,27.8335],[85.0176,27.8322],[85.0154,27.8329],[85.0145,27.8345],[85.0149,27.836],[85.0134,27.8376],[85.0099,27.839],[85.0082,27.8416],[85.0098,27.8442],[85.0096,27.8458],[85.0075,27.8478],[85.0086,27.8504],[85.0069,27.8507],[85.0066,27.852],[85.0031,27.8523],[85.0034,27.8538],[85.0006,27.8555],[84.9993,27.8551],[84.9945,27.8548],[84.9939,27.8571],[84.9915,27.8585],[84.9937,27.8595],[84.9925,27.8624],[84.994,27.8681],[84.9963,27.8701],[84.9947,27.872],[84.9971,27.8749],[84.9959,27.878],[84.9939,27.882],[84.9916,27.8836],[84.9911,27.8855],[84.9938,27.8872],[84.9944,27.8883],[84.9949,27.8964],[84.9986,27.898],[85.0,27.8992],[85.0005,27.9027],[85.0015,27.904],[85.0038,27.909],[85.0059,27.9121],[85.0073,27.9158],[85.0098,27.919],[85.0117,27.9244],[85.0128,27.9282],[85.0119,27.932],[85.0109,27.9338],[85.0109,27.9356],[85.0133,27.9403],[85.0183,27.9434],[85.0184,27.9464],[85.0178,27.9503],[85.0158,27.952],[85.0127,27.9508],[85.0108,27.9484],[85.0101,27.9488],[85.0103,27.951],[85.0122,27.9534],[85.0139,27.957],[85.015,27.9572],[85.017,27.9593],[85.0173,27.9617],[85.0211,27.9655],[85.022,27.9682],[85.0239,27.968],[85.0273,27.9693],[85.0287,27.9693],[85.0309,27.9717],[85.031,27.9756],[85.0327,27.982],[85.0323,27.9855],[85.0339,27.9884],[85.0337,27.9909],[85.0318,27.9954],[85.0292,27.9951],[85.0249,27.9963],[85.0214,27.9966],[85.0193,27.9973],[85.0146,27.998],[85.0133,27.9986],[85.0065,27.9996],[85.0054,28.0],[85.0043,28.0029],[85.0028,28.0039],[85.0022,28.0078],[85.0002,28.0094],[84.9994,28.0109],[84.9968,28.013],[84.9945,28.0136],[84.9927,28.0156],[84.9924,28.0185],[84.9931,28.0209],[84.9907,28.0255],[84.9915,28.0285],[84.9934,28.0276],[84.9938,28.0261],[84.9978,28.0248],[85.0018,28.0252],[85.0094,28.0264],[85.0149,28.026],[85.0171,28.0263],[85.0234,28.0294],[85.0261,28.0298],[85.0279,28.0294],[85.0306,28.0308],[85.0356,28.0321],[85.0377,28.035],[85.0426,28.036],[85.0438,28.0368],[85.0487,28.0421],[85.0569,28.0502],[85.0587,28.0541],[85.0591,28.0558],[85.0619,28.0602],[85.0628,28.0634],[85.0645,28.0667],[85.0676,28.066],[85.0712,28.0661],[85.0773,28.0674],[85.0829,28.0668],[85.0861,28.068],[85.0922,28.072],[85.0999,28.0727],[85.1036,28.0742],[85.1075,28.0765],[85.1119,28.0762],[85.1167,28.0765],[85.1184,28.0782],[85.1194,28.0813],[85.121,28.0833],[85.1247,28.091],[85.1265,28.0893],[85.1287,28.0881],[85.1319,28.0857],[85.138,28.0839],[85.1413,28.0853],[85.1487,28.0871],[85.1535,28.0879],[85.1546,28.0876],[85.1578,28.0882],[85.1618,28.0866],[85.1645,28.0862],[85.1721,28.0832],[85.1727,28.0811],[85.1689,28.0769],[85.1656,28.0756],[85.1636,28.0735],[85.1608,28.0723],[85.1599,28.0707],[85.1569,28.0689],[85.1544,28.0654],[85.1516,28.0626],[85.1476,28.0577],[85.1449,28.0533],[85.1401,28.0488],[85.1381,28.0443],[85.1356,28.0398],[85.1353,28.0379],[85.1384,28.0331],[85.1408,28.0303],[85.1425,28.0289],[85.147,28.0271],[85.1506,28.0274],[85.1547,28.0267],[85.1588,28.0265],[85.1634,28.0242],[85.1683,28.024],[85.1717,28.0216],[85.1755,28.0211],[85.1782,28.0202],[85.18,28.0208],[85.1845,28.0198],[85.1888,28.0192],[85.1897,28.0185],[85.1872,28.0142],[85.186,28.0094],[85.1862,28.0053],[85.1869,28.004],[85.1862,28.0025],[85.1883,27.9963],[85.1847,27.9931],[85.1851,27.9904],[85.1847,27.9891],[85.1826,27.9878],[85.1829,27.9847],[85.1825,27.9817],[85.1837,27.9793],[85.185,27.9743],[85.1865,27.9727],[85.1902,27.9758],[85.1916,27.9761],[85.1969,27.9757],[85.2003,27.9751],[85.2068,27.975],[85.2128,27.9738],[85.2157,27.9727],[85.2187,27.9738],[85.2205,27.9751],[85.2226,27.9752],[85.2247,27.9738],[85.2293,27.9745],[85.2311,27.9742],[85.2347,27.9729],[85.2363,27.973],[85.2386,27.9743],[85.2471,27.9727],[85.2503,27.9724],[85.2524,27.9716],[85.2558,27.9713],[85.2571,27.974],[85.2581,27.974],[85.2592,27.9714],[85.2619,27.972],[85.2668,27.9691],[85.2682,27.968],[85.2713,27.9667],[85.2731,27.9673],[85.2786,27.9649],[85.282,27.968],[85.283,27.9726],[85.2868,27.9774],[85.2889,27.979],[85.2922,27.9829],[85.2953,27.9822],[85.2977,27.9829],[85.3008,27.9826],[85.3069,27.9861],[85.3116,27.9875],[85.3162,27.988],[85.3213,27.9892],[85.3244,27.9887],[85.3267,27.987],[85.3319,27.9883],[85.3343,27.9902],[85.3357,27.9928],[85.3378,27.9983],[85.3389,28.0021],[85.3402,28.0043],[85.3443,28.0097],[85.3469,28.0112],[85.3514,28.011],[85.3572,28.0115],[85.3612,28.0129],[85.3659,28.0158],[85.3695,28.0171],[85.3715,28.0186],[85.3734,28.0216],[85.3752,28.0224],[85.3774,28.0219],[85.3796,28.0228],[85.3825,28.0252],[85.3921,28.0303],[85.3935,28.0323],[85.3941,28.0356],[85.3976,28.0378],[85.3997,28.0367],[85.4014,28.0367],[85.4063,28.0402],[85.4049,28.0439],[85.4062,28.0491],[85.4066,28.0539],[85.4073,28.0551],[85.4107,28.0581],[85.4121,28.0604],[85.4146,28.0618],[85.4178,28.0616],[85.4207,28.0598],[85.4228,28.0597],[85.4269,28.061],[85.4286,28.0624],[85.4299,28.0654],[85.43,28.0676],[85.428,28.0723],[85.4302,28.0756],[85.4348,28.0803],[85.4381,28.0809],[85.4402,28.0821],[85.4441,28.0824],[85.4447,28.0783],[85.4466,28.0764],[85.4518,28.0742],[85.4539,28.0737],[85.4584,28.0716],[85.4615,28.0707],[85.4646,28.0692],[85.4684,28.0667],[85.4725,28.0635],[85.4755,28.06],[85.4783,28.0575],[85.4807,28.0561],[85.4841,28.0508],[85.4846,28.0468],[85.4863,28.0442],[85.4899,28.0423],[85.4949,28.039],[85.4967,28.0374],[85.4981,28.0351],[85.4994,28.0292],[85.4992,28.0262],[85.4992,28.0194],[85.4961,28.0123],[85.495,28.0077],[85.4965,28.0022],[85.4936,28.0],[85.4926,27.997],[85.4895,27.9923],[85.4897,27.9907],[85.4918,27.9855],[85.4918,27.9827],[85.4931,27.9803],[85.4935,27.9777],[85.4946,27.9759],[85.494,27.9741],[85.4943,27.972],[85.4925,27.971],[85.4876,27.9711],[85.4853,27.9694],[85.4837,27.9666],[85.483,27.9631],[85.4808,27.9592],[85.4836,27.956],[85.4837,27.9541],[85.4847,27.9525],[85.4843,27.9473],[85.4851,27.9448],[85.4844,27.9434],[85.4841,27.9399],[85.4847,27.9391],[85.4852,27.9337],[85.4892,27.9267],[85.4897,27.9245],[85.4898,27.9196],[85.4886,27.9174],[85.4862,27.9147],[85.4865,27.9117],[85.4839,27.9079],[85.4817,27.9034],[85.4812,27.8975],[85.4791,27.8943],[85.4786,27.8922],[85.4788,27.8898],[85.4783,27.8866],[85.4766,27.8828],[85.4751,27.882],[85.4735,27.8824],[85.4707,27.8815],[85.4704,27.8794],[85.4717,27.878],[85.4723,27.875],[85.4715,27.8736],[85.4717,27.8704],[85.4725,27.8692],[85.4714,27.8678],[85.4682,27.8676],[85.4677,27.8655],[85.4632,27.863],[85.4632,27.8602],[85.4624,27.8582],[85.458,27.8548],[85.4557,27.8517],[85.4538,27.8506],[85.4539,27.8493],[85.4554,27.8481],[85.457,27.8458],[85.4552,27.8398],[85.455,27.8364],[85.4542,27.8344],[85.4514,27.8306],[85.4505,27.8254],[85.4504,27.8234],[85.4514,27.8213],[85.4509,27.8174],[85.4496,27.815],[85.4456,27.8134],[85.4418,27.8132],[85.4385,27.8108],[85.4333,27.813],[85.4314,27.8116],[85.423,27.8093],[85.416,27.8099],[85.4137,27.8097],[85.4093,27.8116],[85.407,27.8113],[85.4044,27.8131],[85.3996,27.814],[85.3968,27.815],[85.394,27.817],[85.3901,27.8146],[85.3879,27.812],[85.384,27.8118],[85.3751,27.8089],[85.3723,27.8094],[85.3672,27.8118],[85.364,27.8138],[85.3592,27.8114],[85.3556,27.8099],[85.3494,27.8086],[85.3466,27.8086],[85.3415,27.8128],[85.3387,27.8133],[85.3345,27.8149],[85.3307,27.8146],[85.3265,27.8145],[85.3202,27.8133],[85.3124,27.8132],[85.3087,27.8104],[85.305,27.811],[85.3023,27.8125],[85.2997,27.812],[85.2969,27.81],[85.294,27.8087],[85.294,27.8055],[85.2932,27.8042],[85.2889,27.8023],[85.2865,27.8008],[85.2823,27.7944],[85.281,27.7932],[85.2784,27.7908]]]}},{"type":"Feature","properties":{"name_en":"Dhading","name_ne":"धादिङ","status":"severe","province":"Bagmati Province"},"geometry":{"type":"Polygon","coordinates":[[[84.8994,27.6888],[84.8977,27.6852],[84.8955,27.6837],[84.8926,27.68],[84.8899,27.6745],[84.8879,27.6725],[84.8862,27.6719],[84.8844,27.6698],[84.882,27.6685],[84.8808,27.6687],[84.8781,27.6706],[84.8749,27.6747],[84.8721,27.6772],[84.8679,27.6796],[84.8657,27.68],[84.8612,27.6827],[84.8577,27.684],[84.8528,27.6863],[84.8484,27.687],[84.844,27.6885],[84.8385,27.6907],[84.8361,27.6908],[84.8319,27.6922],[84.8301,27.6918],[84.8283,27.6898],[84.8261,27.6886],[84.8252,27.6867],[84.8223,27.6855],[84.82,27.6826],[84.817,27.6821],[84.8155,27.6802],[84.8108,27.6787],[84.8088,27.6754],[84.8062,27.6746],[84.8032,27.6729],[84.8023,27.6712],[84.8009,27.6719],[84.7998,27.6746],[84.7991,27.6791],[84.7993,27.6833],[84.7975,27.6857],[84.7944,27.6867],[84.792,27.688],[84.7891,27.6904],[84.7884,27.6919],[84.7915,27.6934],[84.7943,27.6971],[84.796,27.7025],[84.7983,27.7059],[84.7987,27.709],[84.7951,27.7106],[84.7926,27.7123],[84.7896,27.716],[84.7849,27.7175],[84.7809,27.72],[84.7763,27.7207],[84.7727,27.7222],[84.7664,27.7279],[84.7635,27.7311],[84.761,27.7324],[84.7597,27.7354],[84.7539,27.7351],[84.7404,27.7327],[84.7376,27.7315],[84.7315,27.7273],[84.7303,27.7271],[84.7283,27.7287],[84.725,27.7293],[84.7224,27.7281],[84.7207,27.7282],[84.7174,27.7259],[84.7107,27.7278],[84.707,27.727],[84.7023,27.7272],[84.6984,27.7251],[84.6948,27.721],[84.6914,27.725],[84.6858,27.726],[84.6824,27.7303],[84.6777,27.73],[84.6768,27.7304],[84.6757,27.7332],[84.6732,27.7355],[84.6724,27.738],[84.6774,27.744],[84.6774,27.7464],[84.6814,27.75],[84.6817,27.7528],[84.6829,27.7552],[84.6837,27.758],[84.6834,27.7592],[84.6816,27.7611],[84.6796,27.7621],[84.6764,27.7627],[84.6712,27.7652],[84.6709,27.7667],[84.6751,27.7736],[84.6771,27.7777],[84.6748,27.7801],[84.6672,27.781],[84.6604,27.781],[84.6581,27.7807],[84.6548,27.7795],[84.6513,27.7798],[84.6502,27.7836],[84.6475,27.784],[84.6423,27.7828],[84.6402,27.7827],[84.641,27.7871],[84.6398,27.791],[84.6393,27.7943],[84.6414,27.7934],[84.6452,27.7932],[84.6468,27.7936],[84.6475,27.7949],[84.6479,27.7996],[84.6418,27.8036],[84.6389,27.806],[84.6372,27.8068],[84.6339,27.8064],[84.6316,27.8075],[84.6297,27.8071],[84.6268,27.8091],[84.621,27.8089],[84.6218,27.8108],[84.6233,27.8126],[84.6239,27.8151],[84.6255,27.8165],[84.6326,27.8183],[84.6334,27.819],[84.6423,27.822],[84.6462,27.8218],[84.6529,27.8219],[84.6552,27.8224],[84.6562,27.8234],[84.664,27.8226],[84.6679,27.8251],[84.6699,27.8221],[84.6695,27.8196],[84.6702,27.8183],[84.6733,27.8168],[84.679,27.8156],[84.681,27.8139],[84.6872,27.8101],[84.6896,27.81],[84.6953,27.8092],[84.6989,27.8082],[84.7093,27.8065],[84.7104,27.8047],[84.7101,27.8023],[84.7124,27.8005],[84.716,27.8002],[84.7197,27.803],[84.7214,27.8032],[84.7241,27.8009],[84.7294,27.7998],[84.7305,27.7988],[84.7317,27.7959],[84.734,27.7954],[84.7389,27.7986],[84.7394,27.8011],[84.7407,27.8037],[84.7471,27.8042],[84.7498,27.8054],[84.7527,27.805],[84.756,27.8062],[84.7584,27.8088],[84.7589,27.8105],[84.7588,27.8139],[84.7623,27.8167],[84.7648,27.818],[84.7668,27.8183],[84.7716,27.8149],[84.7707,27.8122],[84.7715,27.8107],[84.7747,27.8086],[84.777,27.8083],[84.7784,27.8092],[84.7815,27.8125],[84.7846,27.8136],[84.7841,27.8155],[84.7796,27.8183],[84.7759,27.824],[84.7753,27.8292],[84.7781,27.8351],[84.7774,27.8364],[84.7725,27.8393],[84.7721,27.8426],[84.7697,27.8436],[84.7702,27.8463],[84.7702,27.8515],[84.7675,27.8535],[84.7679,27.8571],[84.7673,27.8591],[84.7659,27.8599],[84.7615,27.8592],[84.7582,27.8615],[84.7564,27.8651],[84.7573,27.8693],[84.7547,27.8749],[84.7491,27.8784],[84.7481,27.8803],[84.749,27.8821],[84.7506,27.8836],[84.751,27.8863],[84.7456,27.8883],[84.7437,27.8897],[84.7403,27.8902],[84.7389,27.891],[84.7379,27.8932],[84.7398,27.8968],[84.7386,27.9002],[84.7362,27.9039],[84.7354,27.9072],[84.7367,27.9109],[84.7373,27.9152],[84.7364,27.9167],[84.7355,27.9247],[84.7342,27.9256],[84.7346,27.9269],[84.7386,27.9283],[84.7386,27.9306],[84.7364,27.931],[84.7366,27.9337],[84.7401,27.9351],[84.7417,27.9368],[84.7419,27.9406],[84.742,27.9435],[84.7442,27.9489],[84.7477,27.9529],[84.7487,27.9556],[84.748,27.9596],[84.7487,27.9604],[84.7567,27.9622],[84.7604,27.9641],[84.7617,27.9663],[84.7629,27.967],[84.7661,27.9674],[84.7719,27.9673],[84.7744,27.9699],[84.7769,27.9712],[84.7773,27.9729],[84.7736,27.9758],[84.7738,27.9771],[84.7775,27.9769],[84.7795,27.9776],[84.7797,27.9798],[84.781,27.9813],[84.7863,27.9831],[84.7871,27.9865],[84.79,27.9889],[84.7904,27.9907],[84.7903,27.9951],[84.7918,27.9973],[84.793,27.998],[84.7963,27.9977],[84.7991,27.9979],[84.7998,28.0],[84.7996,28.0021],[84.8037,28.0003],[84.806,28.0002],[84.8095,28.0014],[84.812,28.0017],[84.8135,28.0027],[84.815,28.0066],[84.8155,28.0091],[84.8123,28.0137],[84.8117,28.0158],[84.8123,28.0181],[84.8146,28.0203],[84.8153,28.0222],[84.8146,28.0249],[84.8156,28.0272],[84.8156,28.0293],[84.8148,28.0313],[84.8117,28.0344],[84.8113,28.0359],[84.8125,28.0392],[84.8143,28.0427],[84.8162,28.0446],[84.8199,28.0466],[84.8207,28.0478],[84.8207,28.0541],[84.8228,28.0562],[84.8234,28.0588],[84.8228,28.0613],[84.8231,28.0629],[84.8246,28.0644],[84.8266,28.0665],[84.8272,28.0691],[84.8304,28.0758],[84.8312,28.0803],[84.8337,28.0843],[84.834,28.0894],[84.8392,28.0943],[84.8392,28.0978],[84.84,28.101],[84.8393,28.1039],[84.84,28.1056],[84.8425,28.1088],[84.8447,28.1105],[84.8443,28.1139],[84.8466,28.1165],[84.8502,28.1175],[84.8518,28.1183],[84.8569,28.1224],[84.8612,28.1199],[84.862,28.1206],[84.8652,28.1214],[84.8679,28.1205],[84.8716,28.1203],[84.8737,28.1174],[84.8805,28.1135],[84.8832,28.1126],[84.8863,28.1093],[84.8877,28.1064],[84.8876,28.1053],[84.8914,28.1032],[84.8947,28.0998],[84.8992,28.1043],[84.9023,28.1064],[84.9058,28.105],[84.9112,28.1045],[84.9151,28.1028],[84.9185,28.1025],[84.9203,28.1032],[84.9235,28.1057],[84.9238,28.1081],[84.9227,28.114],[84.923,28.1158],[84.9276,28.1213],[84.9296,28.1246],[84.931,28.1261],[84.9337,28.1253],[84.9376,28.1264],[84.9431,28.1248],[84.9447,28.1224],[84.9472,28.1238],[84.9506,28.1247],[84.954,28.124],[84.9555,28.1252],[84.9588,28.1262],[84.9594,28.127],[84.9591,28.1318],[84.9607,28.1336],[84.9605,28.1359],[84.9592,28.1389],[84.9569,28.1419],[84.9564,28.1433],[84.9575,28.145],[84.9594,28.1461],[84.9601,28.1476],[84.9594,28.1492],[84.9595,28.1553],[84.9631,28.1597],[84.9628,28.1618],[84.9636,28.165],[84.9641,28.1687],[84.9658,28.172],[84.9676,28.1735],[84.9676,28.1756],[84.9663,28.1773],[84.9702,28.1851],[84.9726,28.1864],[84.9745,28.1883],[84.9756,28.1889],[84.9757,28.1909],[84.9733,28.1937],[84.9728,28.1989],[84.9697,28.2017],[84.9699,28.2035],[84.9691,28.2051],[84.9664,28.2087],[84.9643,28.2125],[84.9662,28.215],[84.9669,28.2172],[84.9695,28.2188],[84.9714,28.2221],[84.9736,28.2238],[84.9772,28.2252],[84.9793,28.2265],[84.9817,28.2292],[84.9848,28.2343],[84.9867,28.2353],[84.9918,28.2427],[84.9938,28.2445],[84.9963,28.2438],[85.0,28.2403],[85.0011,28.2415],[85.0013,28.2443],[85.0049,28.2479],[85.0031,28.2503],[85.003,28.2522],[85.0081,28.2554],[85.0119,28.2556],[85.0157,28.2573],[85.0195,28.258],[85.0236,28.2601],[85.0292,28.2613],[85.0324,28.2707],[85.0335,28.2727],[85.034,28.2791],[85.0357,28.2816],[85.0371,28.285],[85.0373,28.2872],[85.0395,28.2894],[85.0402,28.2917],[85.0393,28.2953],[85.0362,28.2994],[85.035,28.302],[85.0355,28.3037],[85.0396,28.3082],[85.0423,28.3102],[85.0441,28.3129],[85.0449,28.3152],[85.0444,28.3176],[85.0457,28.3205],[85.047,28.3215],[85.0489,28.3257],[85.0524,28.3258],[85.0552,28.3268],[85.0573,28.3287],[85.0683,28.3374],[85.0696,28.3391],[85.0734,28.3405],[85.0755,28.3421],[85.0796,28.3439],[85.0828,28.3457],[85.0864,28.3454],[85.0906,28.3462],[85.0934,28.3448],[85.0974,28.3445],[85.1054,28.3454],[85.1076,28.3462],[85.1102,28.3464],[85.1107,28.3452],[85.116,28.3414],[85.1205,28.3373],[85.123,28.3356],[85.1264,28.336],[85.1292,28.3377],[85.1309,28.3379],[85.1346,28.3358],[85.136,28.3335],[85.1377,28.3322],[85.1392,28.3323],[85.1431,28.3303],[85.1452,28.3311],[85.1536,28.3308],[85.157,28.3309],[85.1587,28.3316],[85.1621,28.3317],[85.1659,28.3255],[85.1697,28.3205],[85.1736,28.3143],[85.176,28.3114],[85.1795,28.3057],[85.1812,28.3021],[85.1815,28.3004],[85.1794,28.2951],[85.1816,28.2913],[85.1819,28.2889],[85.1814,28.2865],[85.1822,28.2848],[85.1829,28.2807],[85.1848,28.2777],[85.1866,28.2758],[85.187,28.2731],[85.1885,28.269],[85.1898,28.2662],[85.1908,28.2654],[85.1948,28.2643],[85.1974,28.2611],[85.2007,28.259],[85.2027,28.2564],[85.2048,28.25],[85.2044,28.2494],[85.197,28.2448],[85.1948,28.2391],[85.1954,28.2342],[85.1932,28.2303],[85.1907,28.2282],[85.1904,28.2269],[85.191,28.2241],[85.1897,28.2231],[85.1908,28.2193],[85.1932,28.2175],[85.2019,28.2125],[85.2042,28.2098],[85.205,28.2069],[85.2066,28.2038],[85.2057,28.2006],[85.2061,28.1975],[85.2048,28.194],[85.2036,28.1924],[85.2029,28.1878],[85.2013,28.1854],[85.2011,28.1835],[85.2027,28.1796],[85.2018,28.1754],[85.198,28.1686],[85.1963,28.1676],[85.1904,28.1678],[85.1849,28.1668],[85.1801,28.1648],[85.1764,28.1622],[85.1745,28.1595],[85.1732,28.1568],[85.1716,28.1547],[85.1667,28.1501],[85.1647,28.1487],[85.1584,28.1425],[85.1567,28.1393],[85.1584,28.1337],[85.1603,28.1315],[85.16,28.1283],[85.1574,28.1252],[85.1519,28.1171],[85.1489,28.1148],[85.144,28.1118],[85.1401,28.1097],[85.1372,28.1088],[85.1289,28.1073],[85.1263,28.1053],[85.126,28.1025],[85.125,28.0995],[85.1253,28.0954],[85.1247,28.091],[85.121,28.0833],[85.1194,28.0813],[85.1184,28.0782],[85.1167,28.0765],[85.1119,28.0762],[85.1075,28.0765],[85.1036,28.0742],[85.0999,28.0727],[85.0922,28.072],[85.0861,28.068],[85.0829,28.0668],[85.0773,28.0674],[85.0712,28.0661],[85.0676,28.066],[85.0645,28.0667],[85.0628,28.0634],[85.0619,28.0602],[85.0591,28.0558],[85.0587,28.0541],[85.0569,28.0502],[85.0487,28.0421],[85.0438,28.0368],[85.0426,28.036],[85.0377,28.035],[85.0356,28.0321],[85.0306,28.0308],[85.0279,28.0294],[85.0261,28.0298],[85.0234,28.0294],[85.0171,28.0263],[85.0149,28.026],[85.0094,28.0264],[85.0018,28.0252],[84.9978,28.0248],[84.9938,28.0261],[84.9934,28.0276],[84.9915,28.0285],[84.9907,28.0255],[84.9931,28.0209],[84.9924,28.0185],[84.9927,28.0156],[84.9945,28.0136],[84.9968,28.013],[84.9994,28.0109],[85.0002,28.0094],[85.0022,28.0078],[85.0028,28.0039],[85.0043,28.0029],[85.0054,28.0],[85.0065,27.9996],[85.0133,27.9986],[85.0146,27.998],[85.0193,27.9973],[85.0214,27.9966],[85.0249,27.9963],[85.0292,27.9951],[85.0318,27.9954],[85.0337,27.9909],[85.0339,27.9884],[85.0323,27.9855],[85.0327,27.982],[85.031,27.9756],[85.0309,27.9717],[85.0287,27.9693],[85.0273,27.9693],[85.0239,27.968],[85.022,27.9682],[85.0211,27.9655],[85.0173,27.9617],[85.017,27.9593],[85.015,27.9572],[85.0139,27.957],[85.0122,27.9534],[85.0103,27.951],[85.0101,27.9488],[85.0108,27.9484],[85.0127,27.9508],[85.0158,27.952],[85.0178,27.9503],[85.0184,27.9464],[85.0183,27.9434],[85.0133,27.9403],[85.0109,27.9356],[85.0109,27.9338],[85.0119,27.932],[85.0128,27.9282],[85.0117,27.9244],[85.0098,27.919],[85.0073,27.9158],[85.0059,27.9121],[85.0038,27.909],[85.0015,27.904],[85.0005,27.9027],[85.0,27.8992],[84.9986,27.898],[84.9949,27.8964],[84.9944,27.8883],[84.9938,27.8872],[84.9911,27.8855],[84.9916,27.8836],[84.9939,27.882],[84.9959,27.878],[84.9971,27.8749],[84.9947,27.872],[84.9963,27.8701],[84.994,27.8681],[84.9925,27.8624],[84.9937,27.8595],[84.9915,27.8585],[84.9939,27.8571],[84.9945,27.8548],[84.9993,27.8551],[85.0006,27.8555],[85.0034,27.8538],[85.0031,27.8523],[85.0066,27.852],[85.0069,27.8507],[85.0086,27.8504],[85.0075,27.8478],[85.0096,27.8458],[85.0098,27.8442],[85.0082,27.8416],[85.0099,27.839],[85.0134,27.8376],[85.0149,27.836],[85.0145,27.8345],[85.0154,27.8329],[85.0176,27.8322],[85.0196,27.8335],[85.0226,27.8341],[85.0251,27.8328],[85.023,27.8298],[85.019,27.8265],[85.0199,27.8246],[85.0188,27.8212],[85.0178,27.8197],[85.0176,27.8161],[85.0151,27.8133],[85.0142,27.8115],[85.0148,27.8092],[85.0202,27.81],[85.0201,27.8117],[85.0222,27.8122],[85.0231,27.8135],[85.0249,27.8144],[85.0287,27.8148],[85.0304,27.8161],[85.0313,27.8151],[85.0344,27.8148],[85.037,27.8151],[85.0397,27.8145],[85.042,27.8155],[85.0432,27.8152],[85.0438,27.8122],[85.0468,27.8117],[85.0493,27.8128],[85.0496,27.8104],[85.0508,27.8096],[85.0492,27.8064],[85.0477,27.8051],[85.0488,27.8014],[85.0515,27.8006],[85.0522,27.7994],[85.0541,27.7988],[85.0546,27.7973],[85.0562,27.7966],[85.0583,27.7967],[85.0588,27.7955],[85.0624,27.7937],[85.0671,27.7922],[85.0698,27.7925],[85.0725,27.7914],[85.0764,27.7919],[85.0794,27.791],[85.0824,27.7894],[85.0838,27.7897],[85.0848,27.7885],[85.0883,27.7873],[85.0903,27.7875],[85.0956,27.7835],[85.0969,27.7818],[85.0986,27.781],[85.099,27.7794],[85.1001,27.7783],[85.1021,27.7782],[85.1043,27.7761],[85.1081,27.7741],[85.111,27.7742],[85.112,27.7754],[85.1135,27.7752],[85.1145,27.7727],[85.1166,27.7741],[85.1174,27.7725],[85.1167,27.7714],[85.1179,27.7685],[85.1193,27.7676],[85.1222,27.7669],[85.1248,27.7625],[85.1263,27.7625],[85.1265,27.7609],[85.13,27.7605],[85.133,27.7639],[85.1343,27.7622],[85.1371,27.7616],[85.1393,27.7632],[85.1418,27.7656],[85.1456,27.7642],[85.1466,27.7645],[85.1498,27.7635],[85.1515,27.7636],[85.1538,27.7659],[85.1573,27.7667],[85.1618,27.7654],[85.1662,27.766],[85.1686,27.7673],[85.171,27.7665],[85.1743,27.7666],[85.1762,27.768],[85.1778,27.7672],[85.1793,27.7679],[85.18,27.7708],[85.1819,27.7717],[85.1882,27.7714],[85.191,27.7692],[85.1928,27.7693],[85.1942,27.7705],[85.1995,27.7703],[85.1999,27.769],[85.2033,27.7708],[85.2045,27.7733],[85.2075,27.7699],[85.208,27.7731],[85.2088,27.7734],[85.2106,27.7708],[85.2123,27.7726],[85.2134,27.7714],[85.2149,27.7734],[85.2163,27.774],[85.2195,27.774],[85.2233,27.7753],[85.2257,27.774],[85.2263,27.7727],[85.2286,27.7724],[85.2329,27.7736],[85.2348,27.7729],[85.2353,27.7742],[85.241,27.7746],[85.2429,27.7733],[85.2441,27.7749],[85.2479,27.7746],[85.2481,27.7729],[85.2515,27.7737],[85.2526,27.7752],[85.2549,27.7754],[85.2538,27.7748],[85.2572,27.7728],[85.259,27.7732],[85.2601,27.7715],[85.2629,27.7712],[85.2654,27.7704],[85.2658,27.7681],[85.2653,27.7662],[85.2677,27.7637],[85.2703,27.7633],[85.2724,27.7594],[85.2725,27.7581],[85.2715,27.7569],[85.2708,27.7544],[85.2713,27.7501],[85.271,27.7479],[85.2694,27.7455],[85.2655,27.7449],[85.2591,27.745],[85.2574,27.7446],[85.255,27.7463],[85.2548,27.7478],[85.2533,27.7487],[85.2519,27.7466],[85.2489,27.7443],[85.2472,27.7441],[85.2418,27.7445],[85.2397,27.745],[85.2382,27.7437],[85.2372,27.7409],[85.2341,27.7407],[85.2295,27.7389],[85.2278,27.7377],[85.2254,27.7373],[85.2222,27.7354],[85.2159,27.7369],[85.2178,27.7344],[85.2202,27.7339],[85.2224,27.7318],[85.2238,27.728],[85.2226,27.7266],[85.221,27.7246],[85.2196,27.722],[85.2176,27.7212],[85.2134,27.7211],[85.2099,27.7225],[85.2094,27.7201],[85.2075,27.7182],[85.2043,27.7198],[85.2031,27.7189],[85.2024,27.7168],[85.2005,27.7162],[85.201,27.7137],[85.2028,27.7119],[85.201,27.7101],[85.2023,27.708],[85.1988,27.7091],[85.1993,27.7069],[85.1976,27.7011],[85.1952,27.6973],[85.1968,27.6941],[85.1951,27.6919],[85.1944,27.6897],[85.1941,27.6851],[85.1909,27.6812],[85.1839,27.6801],[85.1772,27.6798],[85.1752,27.679],[85.1707,27.6755],[85.1682,27.6732],[85.1644,27.6707],[85.1623,27.6708],[85.1587,27.6726],[85.1546,27.6713],[85.1528,27.6697],[85.1478,27.6702],[85.1438,27.6711],[85.1412,27.6735],[85.1368,27.6745],[85.1355,27.6759],[85.1334,27.6808],[85.1316,27.6807],[85.1266,27.6821],[85.1246,27.6831],[85.1225,27.6833],[85.121,27.6875],[85.12,27.6925],[85.1192,27.6939],[85.1177,27.6961],[85.1118,27.7009],[85.1097,27.7015],[85.1055,27.7039],[85.1036,27.7059],[85.1029,27.7081],[85.0971,27.711],[85.0948,27.7116],[85.0905,27.712],[85.0883,27.7105],[85.0856,27.7069],[85.0827,27.7064],[85.081,27.7069],[85.0805,27.7083],[85.0788,27.7088],[85.0758,27.7072],[85.0744,27.705],[85.072,27.7034],[85.0681,27.7031],[85.0669,27.6991],[85.067,27.6966],[85.0633,27.6943],[85.0605,27.6944],[85.0596,27.6951],[85.0602,27.6969],[85.0563,27.6997],[85.0542,27.6989],[85.0449,27.69],[85.0434,27.6916],[85.0426,27.695],[85.0438,27.6973],[85.0441,27.7023],[85.0419,27.7042],[85.041,27.7029],[85.0372,27.7013],[85.0351,27.6999],[85.0348,27.6979],[85.0323,27.6979],[85.0311,27.6997],[85.026,27.7014],[85.0242,27.7037],[85.0197,27.704],[85.0162,27.7069],[85.013,27.7075],[85.0079,27.7058],[85.0048,27.7055],[85.0006,27.706],[84.9936,27.7077],[84.9913,27.7064],[84.9913,27.7046],[84.9872,27.7032],[84.9848,27.7036],[84.9817,27.7028],[84.9791,27.7],[84.9787,27.6953],[84.974,27.6923],[84.9699,27.6911],[84.9669,27.6911],[84.9642,27.6894],[84.9609,27.6888],[84.9608,27.6859],[84.9582,27.6853],[84.9537,27.6832],[84.9509,27.6839],[84.9491,27.6854],[84.9464,27.6868],[84.9438,27.6862],[84.9416,27.6865],[84.9386,27.6862],[84.9364,27.687],[84.9316,27.6865],[84.9267,27.6883],[84.9242,27.6886],[84.9234,27.6913],[84.9218,27.6939],[84.9172,27.6948],[84.9143,27.696],[84.9116,27.6978],[84.9095,27.6983],[84.9079,27.6969],[84.9043,27.6952],[84.9025,27.694],[84.9012,27.6905],[84.8994,27.6888]]]}},{"type":"Feature","properties":{"name_en":"Gorkha","name_ne":"गोरखा","status":"affected","province":"Gandaki Province"},"geometry":{"type":"Polygon","coordinates":[[[84.7364,27.9167],[84.7373,27.9152],[84.7367,27.9109],[84.7354,27.9072],[84.7362,27.9039],[84.7386,27.9002],[84.7398,27.8968],[84.7379,27.8932],[84.7389,27.891],[84.7403,27.8902],[84.7437,27.8897],[84.7456,27.8883],[84.751,27.8863],[84.7506,27.8836],[84.749,27.8821],[84.7481,27.8803],[84.7491,27.8784],[84.7547,27.8749],[84.7573,27.8693],[84.7564,27.8651],[84.7582,27.8615],[84.7615,27.8592],[84.7659,27.8599],[84.7673,27.8591],[84.7679,27.8571],[84.7675,27.8535],[84.7702,27.8515],[84.7702,27.8463],[84.7697,27.8436],[84.7721,27.8426],[84.7725,27.8393],[84.7774,27.8364],[84.7781,27.8351],[84.7753,27.8292],[84.7759,27.824],[84.7796,27.8183],[84.7841,27.8155],[84.7846,27.8136],[84.7815,27.8125],[84.7784,27.8092],[84.777,27.8083],[84.7747,27.8086],[84.7715,27.8107],[84.7707,27.8122],[84.7716,27.8149],[84.7668,27.8183],[84.7648,27.818],[84.7623,27.8167],[84.7588,27.8139],[84.7589,27.8105],[84.7584,27.8088],[84.756,27.8062],[84.7527,27.805],[84.7498,27.8054],[84.7471,27.8042],[84.7407,27.8037],[84.7394,27.8011],[84.7389,27.7986],[84.734,27.7954],[84.7317,27.7959],[84.7305,27.7988],[84.7294,27.7998],[84.7241,27.8009],[84.7214,27.8032],[84.7197,27.803],[84.716,27.8002],[84.7124,27.8005],[84.7101,27.8023],[84.7104,27.8047],[84.7093,27.8065],[84.6989,27.8082],[84.6953,27.8092],[84.6896,27.81],[84.6872,27.8101],[84.681,27.8139],[84.679,27.8156],[84.6733,27.8168],[84.6702,27.8183],[84.6695,27.8196],[84.6699,27.8221],[84.6679,27.8251],[84.6635,27.8285],[84.6633,27.8308],[84.6654,27.8359],[84.6662,27.8404],[84.6637,27.8454],[84.6629,27.8488],[84.6609,27.8509],[84.657,27.8522],[84.6513,27.8525],[84.6495,27.8532],[84.649,27.8549],[84.652,27.8581],[84.6519,27.8591],[84.6485,27.8604],[84.6441,27.8596],[84.6409,27.8595],[84.6381,27.8599],[84.6366,27.8611],[84.6359,27.8631],[84.636,27.8687],[84.635,27.8694],[84.6307,27.8708],[84.6289,27.8732],[84.6297,27.8745],[84.6295,27.877],[84.627,27.8794],[84.622,27.8803],[84.6201,27.8795],[84.6164,27.8757],[84.6162,27.8734],[84.6152,27.8725],[84.6103,27.8713],[84.6071,27.872],[84.6062,27.8747],[84.6038,27.8759],[84.5982,27.8761],[84.5955,27.8776],[84.5933,27.8795],[84.5921,27.8795],[84.5884,27.8774],[84.5866,27.8759],[84.5827,27.8742],[84.5802,27.8722],[84.5791,27.8707],[84.5795,27.8659],[84.5791,27.864],[84.5756,27.8612],[84.5696,27.8587],[84.5668,27.8582],[84.5609,27.8577],[84.5605,27.8589],[84.5574,27.8595],[84.5502,27.8624],[84.5496,27.8642],[84.551,27.866],[84.5529,27.867],[84.5546,27.8697],[84.5533,27.8707],[84.5503,27.8706],[84.5475,27.8694],[84.5466,27.8697],[84.5427,27.8764],[84.5436,27.8781],[84.5467,27.8797],[84.5469,27.8816],[84.5442,27.8834],[84.5428,27.8852],[84.5429,27.8945],[84.5425,27.8967],[84.5435,27.9019],[84.5471,27.9035],[84.5476,27.9047],[84.5426,27.9066],[84.5398,27.9089],[84.5398,27.9099],[84.5418,27.9116],[84.5423,27.9135],[84.5411,27.9168],[84.5389,27.9174],[84.5375,27.9161],[84.5366,27.9137],[84.5341,27.9128],[84.5281,27.9146],[84.5252,27.9151],[84.5226,27.9142],[84.5199,27.9123],[84.5184,27.9131],[84.5178,27.9153],[84.5167,27.917],[84.5153,27.9175],[84.5137,27.9163],[84.5135,27.9145],[84.5111,27.9134],[84.5079,27.9146],[84.5036,27.9154],[84.5024,27.9161],[84.5032,27.9176],[84.5092,27.9187],[84.5105,27.9203],[84.5087,27.9228],[84.502,27.9258],[84.4967,27.9266],[84.4904,27.9263],[84.4859,27.9278],[84.4844,27.9293],[84.484,27.932],[84.4817,27.9335],[84.4779,27.9351],[84.4756,27.9355],[84.4753,27.9365],[84.4761,27.9394],[84.4726,27.9409],[84.4698,27.9411],[84.4675,27.9429],[84.4653,27.9435],[84.4622,27.9417],[84.4601,27.9423],[84.4591,27.9434],[84.4587,27.9469],[84.457,27.9486],[84.4521,27.9501],[84.4497,27.9489],[84.4487,27.9467],[84.4469,27.9461],[84.441,27.9486],[84.4384,27.9483],[84.4337,27.95],[84.4301,27.9508],[84.4274,27.9523],[84.4257,27.955],[84.4245,27.9559],[84.4231,27.9575],[84.4229,27.9589],[84.4247,27.962],[84.4244,27.9642],[84.421,27.9694],[84.4234,27.9734],[84.4226,27.9768],[84.4236,27.9785],[84.426,27.9798],[84.429,27.9828],[84.4299,27.9859],[84.4312,27.9864],[84.4348,27.9867],[84.438,27.9883],[84.4418,27.9881],[84.4424,27.9893],[84.44,27.9922],[84.4413,27.9932],[84.4441,27.9921],[84.4453,27.9925],[84.4524,27.9985],[84.4551,28.0004],[84.4547,28.0026],[84.456,28.0033],[84.4584,28.0031],[84.4594,28.0037],[84.4587,28.0071],[84.4623,28.0129],[84.4614,28.0172],[84.4619,28.0193],[84.4633,28.0209],[84.4617,28.0235],[84.4632,28.0256],[84.4663,28.0279],[84.4641,28.0296],[84.464,28.0315],[84.4656,28.0336],[84.4657,28.0351],[84.4639,28.0373],[84.464,28.0388],[84.4672,28.0397],[84.4675,28.0413],[84.4665,28.0439],[84.4704,28.0455],[84.4682,28.0502],[84.469,28.0515],[84.474,28.0512],[84.4783,28.0556],[84.4798,28.058],[84.4817,28.0579],[84.4843,28.0554],[84.4884,28.0606],[84.4894,28.0624],[84.4876,28.0639],[84.4903,28.0665],[84.4895,28.0698],[84.4903,28.0714],[84.4875,28.0731],[84.4861,28.0764],[84.487,28.0775],[84.4899,28.0765],[84.4887,28.0794],[84.4872,28.08],[84.4842,28.0795],[84.4817,28.0813],[84.48,28.0871],[84.4801,28.0886],[84.4823,28.0891],[84.4845,28.0883],[84.4856,28.0868],[84.4931,28.0853],[84.496,28.0866],[84.5,28.085],[84.503,28.0863],[84.5071,28.0867],[84.5135,28.088],[84.5153,28.0876],[84.5194,28.0901],[84.5208,28.0936],[84.5218,28.0944],[84.528,28.0959],[84.5319,28.099],[84.539,28.1002],[84.5413,28.0992],[84.5443,28.1004],[84.5482,28.1042],[84.5489,28.1066],[84.5517,28.1075],[84.5532,28.1093],[84.5531,28.1106],[84.5515,28.1119],[84.5524,28.1145],[84.5544,28.1146],[84.5562,28.1161],[84.5566,28.119],[84.5547,28.1204],[84.5578,28.1209],[84.5584,28.1244],[84.5609,28.1247],[84.5612,28.126],[84.5629,28.1273],[84.5652,28.1279],[84.567,28.1272],[84.5698,28.1282],[84.5729,28.1285],[84.5727,28.1303],[84.5763,28.1303],[84.5768,28.1322],[84.5781,28.1328],[84.5771,28.1346],[84.579,28.1361],[84.5783,28.138],[84.5825,28.1401],[84.585,28.1404],[84.5894,28.1435],[84.5876,28.1455],[84.5887,28.1465],[84.5902,28.146],[84.591,28.1478],[84.5972,28.1485],[84.5988,28.1512],[84.6013,28.1511],[84.6033,28.1518],[84.6041,28.1548],[84.6069,28.1555],[84.6085,28.1565],[84.61,28.1586],[84.6118,28.1599],[84.6108,28.162],[84.6116,28.1642],[84.6127,28.1651],[84.6124,28.1667],[84.6144,28.1674],[84.6153,28.171],[84.6142,28.1724],[84.6178,28.1747],[84.6207,28.1789],[84.6248,28.1801],[84.6257,28.1838],[84.6321,28.187],[84.6334,28.1884],[84.6351,28.1888],[84.638,28.1953],[84.6388,28.1983],[84.6405,28.2],[84.6422,28.2031],[84.6424,28.2052],[84.6399,28.2088],[84.6395,28.2147],[84.6388,28.2168],[84.6359,28.2217],[84.6362,28.2229],[84.6351,28.2296],[84.6359,28.2323],[84.6374,28.2339],[84.6383,28.2375],[84.6423,28.2429],[84.6428,28.2451],[84.6458,28.2473],[84.6486,28.25],[84.6501,28.2545],[84.652,28.2584],[84.652,28.2601],[84.6537,28.2643],[84.6538,28.2674],[84.6524,28.273],[84.6528,28.2756],[84.6506,28.2806],[84.6489,28.281],[84.6486,28.2833],[84.6495,28.2903],[84.6486,28.2922],[84.6521,28.2968],[84.653,28.2993],[84.653,28.3013],[84.6547,28.3051],[84.6544,28.3071],[84.6571,28.3109],[84.6572,28.3123],[84.6621,28.3148],[84.6621,28.3176],[84.6607,28.3204],[84.6607,28.3229],[84.6615,28.3238],[84.6655,28.3217],[84.6683,28.3267],[84.6699,28.3278],[84.669,28.3304],[84.6694,28.3327],[84.6717,28.3354],[84.6712,28.3406],[84.6717,28.3422],[84.6748,28.3427],[84.679,28.3422],[84.6829,28.3429],[84.685,28.3469],[84.6869,28.3498],[84.6899,28.3521],[84.6901,28.354],[84.6951,28.3586],[84.697,28.3608],[84.6942,28.3639],[84.6915,28.3653],[84.6886,28.3681],[84.6851,28.372],[84.6804,28.3746],[84.6785,28.3763],[84.6769,28.3802],[84.6765,28.3831],[84.6785,28.386],[84.6731,28.3929],[84.6697,28.3982],[84.6689,28.4005],[84.6639,28.406],[84.6621,28.4094],[84.6588,28.4119],[84.6565,28.4142],[84.6515,28.4165],[84.6492,28.4184],[84.6476,28.4229],[84.6456,28.426],[84.6428,28.4343],[84.6403,28.4382],[84.6366,28.4417],[84.633,28.4435],[84.6325,28.4448],[84.6263,28.4464],[84.6245,28.4485],[84.6213,28.4493],[84.6167,28.4476],[84.615,28.4474],[84.6097,28.4489],[84.6066,28.4493],[84.6012,28.4516],[84.5987,28.4575],[84.5954,28.4623],[84.5944,28.466],[84.5915,28.4679],[84.5895,28.4701],[84.5885,28.4722],[84.5852,28.4769],[84.579,28.4787],[84.573,28.4819],[84.5703,28.4827],[84.5684,28.4842],[84.5669,28.4868],[84.5692,28.495],[84.5675,28.4986],[84.5673,28.5014],[84.5687,28.504],[84.5687,28.506],[84.5727,28.5099],[84.5717,28.5126],[84.5704,28.5138],[84.5692,28.5173],[84.5696,28.5219],[84.569,28.5238],[84.5675,28.5257],[84.5664,28.5285],[84.5622,28.5327],[84.5618,28.5345],[84.5625,28.5378],[84.5611,28.5394],[84.5614,28.5429],[84.5611,28.5456],[84.5616,28.55],[84.559,28.5525],[84.5554,28.5522],[84.5524,28.5526],[84.55,28.5544],[84.5505,28.5557],[84.5521,28.5566],[84.554,28.5591],[84.5497,28.5622],[84.5529,28.5698],[84.5523,28.5733],[84.5507,28.5765],[84.5504,28.5785],[84.5511,28.5841],[84.5499,28.5854],[84.549,28.5889],[84.5436,28.5983],[84.544,28.6032],[84.5439,28.6065],[84.5432,28.6084],[84.5428,28.6121],[84.5434,28.6134],[84.543,28.6189],[84.5431,28.6238],[84.5448,28.626],[84.5441,28.6278],[84.5411,28.6291],[84.5381,28.6335],[84.536,28.6384],[84.5362,28.6413],[84.5345,28.6438],[84.5336,28.6462],[84.5307,28.6475],[84.5271,28.6481],[84.5227,28.6493],[84.5209,28.6517],[84.5207,28.6532],[84.5231,28.655],[84.5245,28.6623],[84.5241,28.6635],[84.5158,28.672],[84.5147,28.6745],[84.516,28.6786],[84.5162,28.6831],[84.5174,28.686],[84.5207,28.6878],[84.5225,28.6896],[84.5229,28.6915],[84.5215,28.6951],[84.5175,28.6963],[84.5116,28.6965],[84.5069,28.6979],[84.5032,28.6987],[84.5006,28.7019],[84.4988,28.7033],[84.4945,28.708],[84.4921,28.7129],[84.4905,28.7146],[84.486,28.7176],[84.484,28.7183],[84.4864,28.7201],[84.4868,28.724],[84.4893,28.7282],[84.493,28.7325],[84.494,28.7346],[84.4965,28.7356],[84.4996,28.7406],[84.5021,28.7427],[84.5044,28.7442],[84.5123,28.7452],[84.5133,28.7463],[84.5169,28.7485],[84.5231,28.745],[84.526,28.7436],[84.5271,28.7421],[84.5311,28.7429],[84.5336,28.7445],[84.5359,28.7453],[84.5385,28.7451],[84.5419,28.744],[84.5465,28.7456],[84.5537,28.7504],[84.5569,28.7508],[84.5589,28.7521],[84.5594,28.7469],[84.5613,28.7452],[84.5695,28.7414],[84.5717,28.7389],[84.5739,28.7351],[84.5808,28.7346],[84.589,28.7345],[84.5945,28.7365],[84.5996,28.7356],[84.6018,28.7343],[84.608,28.7333],[84.6122,28.7351],[84.6143,28.7353],[84.6175,28.7366],[84.6199,28.7357],[84.6285,28.7364],[84.6316,28.7326],[84.6349,28.7318],[84.6421,28.7281],[84.6435,28.7262],[84.6461,28.7245],[84.6467,28.7198],[84.6499,28.7186],[84.6529,28.7143],[84.6522,28.7098],[84.6522,28.705],[84.6528,28.7023],[84.6539,28.7014],[84.6579,28.7002],[84.6606,28.7002],[84.6637,28.6987],[84.665,28.6962],[84.6665,28.6946],[84.6687,28.6941],[84.6708,28.6909],[84.671,28.689],[84.6699,28.6856],[84.6705,28.6833],[84.6726,28.6818],[84.6782,28.6789],[84.6844,28.6783],[84.6879,28.6789],[84.6904,28.6787],[84.6938,28.6768],[84.6953,28.6747],[84.6986,28.6717],[84.7033,28.6717],[84.7067,28.6713],[84.7072,28.6706],[84.7048,28.667],[84.7033,28.664],[84.703,28.6599],[84.7015,28.6565],[84.6996,28.6538],[84.7009,28.6505],[84.7037,28.6482],[84.7031,28.6446],[84.7015,28.6428],[84.7003,28.6394],[84.697,28.6363],[84.703,28.6344],[84.7073,28.6338],[84.7092,28.6339],[84.716,28.6329],[84.718,28.6308],[84.7222,28.6289],[84.7249,28.6258],[84.7253,28.6233],[84.7274,28.6205],[84.7331,28.6201],[84.7351,28.6184],[84.7394,28.6166],[84.7449,28.6169],[84.747,28.6182],[84.7491,28.6182],[84.7575,28.6134],[84.7613,28.6134],[84.7637,28.6124],[84.766,28.6126],[84.7698,28.6104],[84.7728,28.61],[84.7752,28.6104],[84.7792,28.61],[84.7837,28.609],[84.7991,28.6012],[84.8143,28.5934],[84.8591,28.5706],[84.8595,28.5723],[84.8642,28.5774],[84.8661,28.5782],[84.8675,28.5803],[84.8711,28.5823],[84.8762,28.5806],[84.8791,28.5809],[84.8817,28.5824],[84.8883,28.5825],[84.8923,28.5884],[84.8947,28.5894],[84.8987,28.5894],[84.9018,28.5901],[84.9032,28.5932],[84.9061,28.5907],[84.9076,28.5887],[84.9099,28.5881],[84.9126,28.5885],[84.9156,28.5899],[84.9199,28.5929],[84.9209,28.5949],[84.9227,28.5951],[84.9264,28.5943],[84.9295,28.5942],[84.9345,28.5937],[84.9384,28.5942],[84.941,28.5956],[84.9476,28.5945],[84.9496,28.5904],[84.9492,28.5882],[84.9512,28.5802],[84.9552,28.5814],[84.9577,28.583],[84.967,28.5867],[84.9701,28.5861],[84.9741,28.5866],[84.9751,28.5884],[84.9775,28.5898],[84.9831,28.5902],[84.9856,28.5913],[84.9899,28.594],[84.9929,28.5976],[84.9946,28.5989],[84.995,28.6009],[84.9937,28.6018],[84.9902,28.6031],[84.9884,28.6047],[84.9881,28.6061],[84.9911,28.6128],[84.9934,28.6151],[84.9951,28.6157],[84.9963,28.6176],[85.0007,28.6217],[85.0027,28.6231],[85.0034,28.6255],[85.0051,28.6274],[85.0058,28.6298],[85.0072,28.63],[85.0102,28.6346],[85.0111,28.637],[85.0129,28.6369],[85.0151,28.6381],[85.0194,28.6393],[85.0215,28.6423],[85.0252,28.6488],[85.0285,28.6505],[85.0342,28.6565],[85.0426,28.6579],[85.0433,28.6605],[85.0433,28.6644],[85.0437,28.6686],[85.0462,28.6692],[85.0535,28.6695],[85.0546,28.6706],[85.0547,28.6722],[85.0568,28.6773],[85.0559,28.6803],[85.0608,28.6823],[85.064,28.6803],[85.0667,28.6797],[85.0707,28.6795],[85.075,28.6776],[85.0771,28.6753],[85.0827,28.6714],[85.0862,28.6708],[85.091,28.6715],[85.0934,28.6745],[85.0942,28.6763],[85.0963,28.678],[85.1041,28.6817],[85.1109,28.6832],[85.1126,28.6832],[85.1153,28.6856],[85.1176,28.6864],[85.1193,28.685],[85.1236,28.6825],[85.126,28.6815],[85.1275,28.6803],[85.1313,28.6787],[85.1348,28.6755],[85.1367,28.6714],[85.1367,28.6677],[85.1388,28.6659],[85.1421,28.6655],[85.1456,28.6621],[85.1479,28.6609],[85.1472,28.6581],[85.1474,28.6564],[85.153,28.6518],[85.1545,28.6499],[85.1566,28.6486],[85.1578,28.6464],[85.1594,28.6448],[85.1593,28.643],[85.1613,28.6433],[85.1658,28.6427],[85.1695,28.6439],[85.1733,28.6435],[85.1786,28.6448],[85.1834,28.6443],[85.1853,28.6427],[85.1901,28.6416],[85.1907,28.6407],[85.189,28.6359],[85.1871,28.6321],[85.1885,28.6309],[85.1931,28.6307],[85.1951,28.6299],[85.2003,28.6266],[85.1996,28.6236],[85.1996,28.6207],[85.1971,28.6177],[85.1967,28.6146],[85.1955,28.6121],[85.1942,28.6115],[85.192,28.6091],[85.1916,28.6054],[85.1855,28.6025],[85.1846,28.6014],[85.1809,28.5988],[85.1759,28.5973],[85.1763,28.5949],[85.1775,28.592],[85.1807,28.5904],[85.1835,28.5876],[85.1848,28.5831],[85.1838,28.5817],[85.1836,28.5791],[85.1867,28.5749],[85.1915,28.5719],[85.1919,28.5706],[85.1938,28.5689],[85.1912,28.5649],[85.1891,28.5623],[85.187,28.5612],[85.1871,28.5601],[85.1906,28.5538],[85.1903,28.5525],[85.1912,28.5464],[85.191,28.5444],[85.1887,28.54],[85.1893,28.5354],[85.1888,28.5334],[85.1877,28.5329],[85.1816,28.5329],[85.1805,28.5324],[85.1712,28.5333],[85.1684,28.5319],[85.1673,28.5261],[85.1683,28.5212],[85.1653,28.5189],[85.1653,28.5171],[85.1644,28.5148],[85.1591,28.5088],[85.1597,28.5038],[85.1586,28.5012],[85.1593,28.4986],[85.1589,28.4971],[85.1569,28.4945],[85.1565,28.4924],[85.1551,28.4904],[85.1479,28.4857],[85.145,28.4855],[85.1436,28.4863],[85.1362,28.4854],[85.1315,28.4862],[85.131,28.4874],[85.1267,28.4877],[85.1242,28.486],[85.1214,28.4857],[85.1201,28.4849],[85.1189,28.4811],[85.1165,28.4803],[85.1152,28.4786],[85.1148,28.4742],[85.1149,28.4712],[85.1088,28.4637],[85.1065,28.4599],[85.1033,28.4582],[85.1017,28.4567],[85.1016,28.4549],[85.1025,28.4515],[85.1042,28.4486],[85.1073,28.4462],[85.1098,28.4449],[85.1152,28.4438],[85.1165,28.443],[85.1165,28.441],[85.1155,28.4378],[85.1149,28.4332],[85.1157,28.4301],[85.1156,28.4285],[85.1164,28.4254],[85.1177,28.4226],[85.1197,28.4156],[85.1198,28.4131],[85.1182,28.4098],[85.1188,28.4061],[85.1222,28.4006],[85.1271,28.3967],[85.1289,28.3922],[85.1287,28.3908],[85.1248,28.3869],[85.1242,28.3858],[85.1243,28.3829],[85.1234,28.3795],[85.1238,28.3763],[85.1245,28.3746],[85.1241,28.3725],[85.1231,28.3712],[85.1205,28.3704],[85.1186,28.369],[85.1168,28.3658],[85.1166,28.3617],[85.1153,28.357],[85.1112,28.3495],[85.1102,28.3464],[85.1076,28.3462],[85.1054,28.3454],[85.0974,28.3445],[85.0934,28.3448],[85.0906,28.3462],[85.0864,28.3454],[85.0828,28.3457],[85.0796,28.3439],[85.0755,28.3421],[85.0734,28.3405],[85.0696,28.3391],[85.0683,28.3374],[85.0573,28.3287],[85.0552,28.3268],[85.0524,28.3258],[85.0489,28.3257],[85.047,28.3215],[85.0457,28.3205],[85.0444,28.3176],[85.0449,28.3152],[85.0441,28.3129],[85.0423,28.3102],[85.0396,28.3082],[85.0355,28.3037],[85.035,28.302],[85.0362,28.2994],[85.0393,28.2953],[85.0402,28.2917],[85.0395,28.2894],[85.0373,28.2872],[85.0371,28.285],[85.0357,28.2816],[85.034,28.2791],[85.0335,28.2727],[85.0324,28.2707],[85.0292,28.2613],[85.0236,28.2601],[85.0195,28.258],[85.0157,28.2573],[85.0119,28.2556],[85.0081,28.2554],[85.003,28.2522],[85.0031,28.2503],[85.0049,28.2479],[85.0013,28.2443],[85.0011,28.2415],[85.0,28.2403],[84.9963,28.2438],[84.9938,28.2445],[84.9918,28.2427],[84.9867,28.2353],[84.9848,28.2343],[84.9817,28.2292],[84.9793,28.2265],[84.9772,28.2252],[84.9736,28.2238],[84.9714,28.2221],[84.9695,28.2188],[84.9669,28.2172],[84.9662,28.215],[84.9643,28.2125],[84.9664,28.2087],[84.9691,28.2051],[84.9699,28.2035],[84.9697,28.2017],[84.9728,28.1989],[84.9733,28.1937],[84.9757,28.1909],[84.9756,28.1889],[84.9745,28.1883],[84.9726,28.1864],[84.9702,28.1851],[84.9663,28.1773],[84.9676,28.1756],[84.9676,28.1735],[84.9658,28.172],[84.9641,28.1687],[84.9636,28.165],[84.9628,28.1618],[84.9631,28.1597],[84.9595,28.1553],[84.9594,28.1492],[84.9601,28.1476],[84.9594,28.1461],[84.9575,28.145],[84.9564,28.1433],[84.9569,28.1419],[84.9592,28.1389],[84.9605,28.1359],[84.9607,28.1336],[84.9591,28.1318],[84.9594,28.127],[84.9588,28.1262],[84.9555,28.1252],[84.954,28.124],[84.9506,28.1247],[84.9472,28.1238],[84.9447,28.1224],[84.9431,28.1248],[84.9376,28.1264],[84.9337,28.1253],[84.931,28.1261],[84.9296,28.1246],[84.9276,28.1213],[84.923,28.1158],[84.9227,28.114],[84.9238,28.1081],[84.9235,28.1057],[84.9203,28.1032],[84.9185,28.1025],[84.9151,28.1028],[84.9112,28.1045],[84.9058,28.105],[84.9023,28.1064],[84.8992,28.1043],[84.8947,28.0998],[84.8914,28.1032],[84.8876,28.1053],[84.8877,28.1064],[84.8863,28.1093],[84.8832,28.1126],[84.8805,28.1135],[84.8737,28.1174],[84.8716,28.1203],[84.8679,28.1205],[84.8652,28.1214],[84.862,28.1206],[84.8612,28.1199],[84.8569,28.1224],[84.8518,28.1183],[84.8502,28.1175],[84.8466,28.1165],[84.8443,28.1139],[84.8447,28.1105],[84.8425,28.1088],[84.84,28.1056],[84.8393,28.1039],[84.84,28.101],[84.8392,28.0978],[84.8392,28.0943],[84.834,28.0894],[84.8337,28.0843],[84.8312,28.0803],[84.8304,28.0758],[84.8272,28.0691],[84.8266,28.0665],[84.8246,28.0644],[84.8231,28.0629],[84.8228,28.0613],[84.8234,28.0588],[84.8228,28.0562],[84.8207,28.0541],[84.8207,28.0478],[84.8199,28.0466],[84.8162,28.0446],[84.8143,28.0427],[84.8125,28.0392],[84.8113,28.0359],[84.8117,28.0344],[84.8148,28.0313],[84.8156,28.0293],[84.8156,28.0272],[84.8146,28.0249],[84.8153,28.0222],[84.8146,28.0203],[84.8123,28.0181],[84.8117,28.0158],[84.8123,28.0137],[84.8155,28.0091],[84.815,28.0066],[84.8135,28.0027],[84.812,28.0017],[84.8095,28.0014],[84.806,28.0002],[84.8037,28.0003],[84.7996,28.0021],[84.7998,28.0],[84.7991,27.9979],[84.7963,27.9977],[84.793,27.998],[84.7918,27.9973],[84.7903,27.9951],[84.7904,27.9907],[84.79,27.9889],[84.7871,27.9865],[84.7863,27.9831],[84.781,27.9813],[84.7797,27.9798],[84.7795,27.9776],[84.7775,27.9769],[84.7738,27.9771],[84.7736,27.9758],[84.7773,27.9729],[84.7769,27.9712],[84.7744,27.9699],[84.7719,27.9673],[84.7661,27.9674],[84.7629,27.967],[84.7617,27.9663],[84.7604,27.9641],[84.7567,27.9622],[84.7487,27.9604],[84.748,27.9596],[84.7487,27.9556],[84.7477,27.9529],[84.7442,27.9489],[84.742,27.9435],[84.7419,27.9406],[84.7417,27.9368],[84.7401,27.9351],[84.7366,27.9337],[84.7364,27.931],[84.7386,27.9306],[84.7386,27.9283],[84.7346,27.9269],[84.7342,27.9256],[84.7355,27.9247],[84.7364,27.9167]]]}},{"type":"Feature","properties":{"name_en":"Tanahun","name_ne":"तनहुँ","status":"affected","province":"Gandaki Province"},"geometry":{"type":"Polygon","coordinates":[[[84.4459,27.8217],[84.4438,27.8189],[84.4432,27.8172],[84.4406,27.8155],[84.4375,27.815],[84.4356,27.8139],[84.4343,27.8121],[84.4328,27.8018],[84.4331,27.8005],[84.4327,27.7955],[84.432,27.7927],[84.4321,27.7905],[84.4334,27.7867],[84.4363,27.7827],[84.4402,27.779],[84.4415,27.7782],[84.4452,27.7779],[84.4505,27.7782],[84.4541,27.7775],[84.4575,27.7762],[84.4621,27.7739],[84.4695,27.767],[84.4727,27.7607],[84.4736,27.7578],[84.4741,27.7539],[84.4736,27.7524],[84.4708,27.7516],[84.4669,27.753],[84.4624,27.7573],[84.4592,27.7593],[84.4558,27.7594],[84.452,27.7588],[84.45,27.757],[84.4439,27.7489],[84.4408,27.7438],[84.4392,27.7426],[84.4352,27.741],[84.4325,27.7413],[84.4297,27.7422],[84.4266,27.7422],[84.4242,27.7411],[84.4234,27.7433],[84.4262,27.7455],[84.4254,27.7477],[84.4204,27.7485],[84.4195,27.7514],[84.4215,27.7525],[84.4221,27.7542],[84.4209,27.7575],[84.4193,27.759],[84.4146,27.7593],[84.4084,27.7616],[84.4063,27.7631],[84.4032,27.7672],[84.402,27.7696],[84.4007,27.7709],[84.3943,27.7753],[84.3897,27.7768],[84.3849,27.7775],[84.3832,27.7786],[84.3786,27.7788],[84.3749,27.7779],[84.3703,27.7748],[84.3685,27.7718],[84.3683,27.7699],[84.3665,27.7663],[84.3667,27.7637],[84.3658,27.7614],[84.3642,27.7602],[84.3637,27.7577],[84.3643,27.7562],[84.3629,27.7534],[84.3571,27.7515],[84.3547,27.7491],[84.3535,27.7487],[84.35,27.7496],[84.3479,27.7511],[84.3448,27.7502],[84.3435,27.7448],[84.3411,27.7441],[84.3362,27.7487],[84.334,27.7488],[84.3306,27.7477],[84.3273,27.7485],[84.3265,27.7504],[84.3246,27.7583],[84.3234,27.7597],[84.3188,27.7618],[84.3176,27.7637],[84.3177,27.7669],[84.3197,27.7713],[84.3204,27.7746],[84.3183,27.7802],[84.316,27.7852],[84.3142,27.7866],[84.3116,27.7873],[84.3073,27.79],[84.3046,27.7905],[84.3022,27.7922],[84.3018,27.7959],[84.3018,27.7987],[84.3007,27.8016],[84.3001,27.8057],[84.3007,27.8074],[84.3033,27.8083],[84.3042,27.8102],[84.303,27.8151],[84.3067,27.8166],[84.3079,27.8183],[84.3069,27.82],[84.305,27.8204],[84.3023,27.8224],[84.3011,27.8247],[84.2985,27.8284],[84.2971,27.8316],[84.2964,27.8344],[84.2946,27.8365],[84.2935,27.8377],[84.2881,27.837],[84.2849,27.8378],[84.2747,27.8362],[84.2727,27.8353],[84.2716,27.8325],[84.2697,27.8323],[84.2678,27.8338],[84.2689,27.8373],[84.268,27.8385],[84.2634,27.839],[84.2606,27.838],[84.257,27.8379],[84.2536,27.8386],[84.2508,27.8409],[84.2487,27.8436],[84.248,27.8452],[84.2461,27.8461],[84.2417,27.8463],[84.2395,27.8448],[84.2367,27.8442],[84.2331,27.8464],[84.2298,27.8455],[84.2294,27.8428],[84.2309,27.8407],[84.2286,27.8368],[84.2272,27.8364],[84.2258,27.8375],[84.2225,27.844],[84.2197,27.8463],[84.2169,27.8465],[84.2141,27.8458],[84.2127,27.8449],[84.2124,27.8429],[84.2139,27.84],[84.2113,27.8386],[84.2083,27.8414],[84.2081,27.844],[84.2096,27.8467],[84.2099,27.8482],[84.209,27.8499],[84.2058,27.852],[84.2022,27.8515],[84.1993,27.8487],[84.1952,27.8467],[84.1914,27.8466],[84.1833,27.8505],[84.1794,27.8511],[84.1762,27.8522],[84.175,27.8518],[84.1741,27.8475],[84.1716,27.8455],[84.1675,27.8464],[84.1645,27.8465],[84.165,27.8417],[84.1621,27.8399],[84.1583,27.8395],[84.1571,27.8404],[84.1566,27.8425],[84.1581,27.8447],[84.1588,27.8472],[84.1566,27.8479],[84.1542,27.847],[84.1518,27.8473],[84.1467,27.8502],[84.1453,27.8501],[84.1381,27.8481],[84.1313,27.8456],[84.1284,27.8452],[84.126,27.8458],[84.1229,27.8478],[84.1251,27.8503],[84.1278,27.8507],[84.1305,27.8521],[84.1317,27.8545],[84.1313,27.856],[84.1288,27.859],[84.1249,27.86],[84.1219,27.8591],[84.122,27.8577],[84.1233,27.8552],[84.1233,27.8538],[84.1219,27.8515],[84.1189,27.8506],[84.116,27.8517],[84.1156,27.8529],[84.1138,27.8582],[84.1121,27.861],[84.11,27.8617],[84.109,27.861],[84.1075,27.858],[84.1047,27.8548],[84.1018,27.8554],[84.0978,27.8582],[84.0981,27.8601],[84.1018,27.8627],[84.1036,27.8647],[84.1025,27.8663],[84.0988,27.8662],[84.0931,27.8671],[84.0854,27.8694],[84.0802,27.8694],[84.0795,27.868],[84.081,27.864],[84.0785,27.8631],[84.0771,27.8648],[84.0754,27.8655],[84.0736,27.8648],[84.0717,27.8629],[84.0712,27.8612],[84.0715,27.8588],[84.0695,27.8562],[84.0618,27.8523],[84.0557,27.8489],[84.0535,27.8493],[84.0536,27.8528],[84.0513,27.8557],[84.0495,27.8563],[84.0475,27.856],[84.045,27.8544],[84.045,27.8506],[84.0442,27.8498],[84.0419,27.85],[84.0408,27.851],[84.0413,27.8526],[84.0432,27.8552],[84.0423,27.8565],[84.0393,27.8577],[84.0359,27.8575],[84.0338,27.8562],[84.0306,27.8562],[84.0295,27.8565],[84.0249,27.8609],[84.023,27.8617],[84.0194,27.8611],[84.0178,27.8592],[84.018,27.8569],[84.0211,27.8562],[84.0237,27.8545],[84.0247,27.8523],[84.023,27.8509],[84.0206,27.8507],[84.0181,27.8513],[84.0094,27.8544],[84.0048,27.855],[84.0023,27.8546],[84.0,27.8559],[83.9994,27.8584],[83.9999,27.8606],[83.9984,27.8645],[83.9964,27.8661],[83.9912,27.8666],[83.9868,27.8655],[83.983,27.8654],[83.9776,27.867],[83.9756,27.8689],[83.9752,27.8712],[83.9729,27.8723],[83.9706,27.8701],[83.9685,27.8702],[83.9644,27.8721],[83.9604,27.8728],[83.9567,27.8706],[83.9537,27.8693],[83.9509,27.8692],[83.9473,27.8712],[83.9443,27.8758],[83.9428,27.8781],[83.9428,27.8793],[83.9406,27.8813],[83.9413,27.8834],[83.9394,27.8842],[83.9386,27.8863],[83.9394,27.8877],[83.9428,27.89],[83.9434,27.8911],[83.9424,27.8924],[83.9427,27.8937],[83.9457,27.8946],[83.9486,27.8942],[83.9507,27.8928],[83.9511,27.8918],[83.9534,27.8893],[83.9552,27.8925],[83.9543,27.8943],[83.957,27.8951],[83.9561,27.8972],[83.9578,27.8977],[83.9616,27.8976],[83.9627,27.899],[83.9665,27.8998],[83.9705,27.9022],[83.9726,27.9013],[83.9764,27.9026],[83.9769,27.9034],[83.977,27.9066],[83.9777,27.9082],[83.98,27.9096],[83.9803,27.9105],[83.9802,27.9165],[83.9784,27.9188],[83.9783,27.9208],[83.9755,27.9226],[83.9755,27.9277],[83.9764,27.93],[83.975,27.9327],[83.9742,27.9355],[83.9719,27.9366],[83.9724,27.9449],[83.9723,27.9487],[83.9703,27.9513],[83.9704,27.9533],[83.9692,27.955],[83.9691,27.9579],[83.9702,27.9595],[83.972,27.9586],[83.9737,27.9607],[83.9733,27.9618],[83.975,27.9628],[83.9771,27.9654],[83.9786,27.966],[83.9797,27.9681],[83.9797,27.9706],[83.9813,27.9716],[83.9829,27.9766],[83.9824,27.9797],[83.981,27.9819],[83.981,27.9845],[83.9803,27.9863],[83.9809,27.9897],[83.9833,27.9917],[83.982,27.9939],[83.9813,27.9969],[83.9823,27.998],[83.9907,27.9979],[83.9934,27.9995],[83.9946,28.0013],[83.9937,28.0053],[83.9941,28.006],[84.0,28.0064],[84.0023,28.0055],[84.0046,28.0062],[84.0068,28.0085],[84.0075,28.0133],[84.0095,28.014],[84.0171,28.0131],[84.0185,28.012],[84.0199,28.0129],[84.0231,28.0136],[84.0268,28.0134],[84.0293,28.0171],[84.0321,28.018],[84.034,28.0193],[84.0316,28.0209],[84.0315,28.0231],[84.0302,28.0241],[84.0222,28.0272],[84.0217,28.0291],[84.0185,28.0307],[84.0166,28.0288],[84.0147,28.0286],[84.0074,28.0301],[84.0055,28.0313],[84.005,28.0335],[84.0035,28.0345],[84.0,28.0337],[83.9984,28.0357],[83.9987,28.0387],[83.9982,28.0399],[83.9983,28.0437],[83.9991,28.0451],[83.9977,28.0468],[83.9941,28.0451],[83.9907,28.0445],[83.9881,28.0418],[83.9877,28.0403],[83.9845,28.039],[83.9826,28.0373],[83.98,28.0378],[83.9767,28.0376],[83.9745,28.038],[83.9695,28.0374],[83.9677,28.0386],[83.9657,28.0386],[83.9633,28.0407],[83.9636,28.0427],[83.9629,28.0445],[83.9565,28.0508],[83.9553,28.0511],[83.9501,28.0509],[83.9484,28.0538],[83.9469,28.0563],[83.9435,28.0607],[83.943,28.0622],[83.9433,28.0648],[83.9417,28.0682],[83.9467,28.0677],[83.9519,28.0667],[83.9538,28.068],[83.9588,28.0698],[83.9627,28.0706],[83.9709,28.0746],[83.9704,28.0766],[83.9678,28.0768],[83.9635,28.079],[83.9608,28.08],[83.9609,28.083],[83.964,28.0872],[83.9667,28.0882],[83.972,28.0884],[83.9761,28.0908],[83.9782,28.0942],[83.9821,28.0977],[83.9842,28.0992],[83.9881,28.0977],[83.9899,28.0984],[83.9918,28.0981],[83.9944,28.0993],[83.9971,28.1025],[83.9961,28.1043],[83.9961,28.1074],[83.9951,28.1088],[83.999,28.1106],[84.0,28.1131],[84.0057,28.1147],[84.0069,28.1158],[84.0085,28.1156],[84.0112,28.1128],[84.0117,28.1106],[84.0135,28.1097],[84.0168,28.1104],[84.0164,28.1075],[84.0145,28.106],[84.0184,28.1049],[84.021,28.1046],[84.0227,28.1037],[84.0287,28.1055],[84.0302,28.1041],[84.0302,28.1028],[84.028,28.1014],[84.0276,28.0989],[84.03,28.0962],[84.0306,28.0994],[84.0326,28.0999],[84.0346,28.0993],[84.0374,28.0965],[84.0412,28.0962],[84.042,28.0949],[84.0442,28.0945],[84.0436,28.0933],[84.0403,28.0923],[84.04,28.0911],[84.0447,28.0901],[84.0448,28.0887],[84.048,28.0865],[84.0493,28.0843],[84.052,28.0833],[84.0545,28.0845],[84.0571,28.0883],[84.061,28.0878],[84.0631,28.0864],[84.0651,28.0837],[84.0692,28.0812],[84.0696,28.0794],[84.0718,28.0775],[84.0773,28.084],[84.0793,28.087],[84.081,28.0914],[84.0854,28.0928],[84.0896,28.0946],[84.0909,28.0965],[84.0912,28.0984],[84.093,28.0998],[84.0933,28.101],[84.0958,28.1037],[84.0985,28.1048],[84.1009,28.1075],[84.1027,28.1082],[84.1044,28.1098],[84.1078,28.1103],[84.109,28.1099],[84.113,28.1072],[84.1158,28.106],[84.1187,28.107],[84.1222,28.106],[84.1254,28.106],[84.128,28.1052],[84.1301,28.1052],[84.1341,28.1044],[84.1412,28.1044],[84.1445,28.1051],[84.1457,28.1061],[84.148,28.1054],[84.1499,28.1031],[84.1526,28.1031],[84.153,28.1015],[84.1558,28.1005],[84.1605,28.097],[84.1648,28.0996],[84.167,28.0997],[84.1679,28.1008],[84.1723,28.0997],[84.1774,28.1003],[84.1812,28.1011],[84.1812,28.0995],[84.186,28.0956],[84.1906,28.0958],[84.1934,28.0945],[84.1968,28.0953],[84.1974,28.0966],[84.1996,28.0971],[84.2022,28.0957],[84.2051,28.0957],[84.2057,28.0947],[84.2079,28.095],[84.2095,28.0943],[84.2139,28.0946],[84.217,28.0978],[84.2195,28.0984],[84.2211,28.0997],[84.2249,28.0988],[84.227,28.0978],[84.2281,28.0957],[84.2279,28.095],[84.2319,28.0902],[84.2328,28.0881],[84.2323,28.0818],[84.234,28.0787],[84.235,28.0786],[84.2387,28.0803],[84.2411,28.0806],[84.2424,28.0828],[84.2438,28.0834],[84.247,28.0825],[84.249,28.0869],[84.2504,28.0877],[84.2528,28.0866],[84.2534,28.0851],[84.2554,28.0848],[84.2596,28.0876],[84.2614,28.0878],[84.2632,28.0894],[84.2659,28.0932],[84.2694,28.0928],[84.2714,28.0905],[84.2754,28.0924],[84.2802,28.0929],[84.283,28.0978],[84.2871,28.0986],[84.2896,28.0999],[84.2934,28.1004],[84.294,28.1017],[84.2981,28.1038],[84.3024,28.1046],[84.3028,28.1065],[84.3082,28.1082],[84.3114,28.107],[84.3132,28.1083],[84.3172,28.1123],[84.3184,28.1129],[84.3199,28.1154],[84.3227,28.1152],[84.3231,28.1167],[84.3254,28.1194],[84.3279,28.1206],[84.329,28.1228],[84.3316,28.1239],[84.3368,28.1228],[84.34,28.1228],[84.3428,28.1218],[84.3447,28.1242],[84.347,28.1248],[84.3508,28.1269],[84.3543,28.1274],[84.3612,28.129],[84.3692,28.1274],[84.3751,28.1276],[84.3798,28.1283],[84.3827,28.1269],[84.386,28.1271],[84.391,28.1263],[84.3938,28.1272],[84.3953,28.1291],[84.3978,28.1296],[84.4009,28.1271],[84.4042,28.1259],[84.4055,28.125],[84.4132,28.1221],[84.4149,28.121],[84.4185,28.1199],[84.4203,28.118],[84.4221,28.1172],[84.4233,28.1192],[84.4245,28.1188],[84.4254,28.1162],[84.4279,28.1157],[84.4292,28.1113],[84.432,28.1115],[84.4334,28.1108],[84.4359,28.1081],[84.4388,28.1076],[84.4402,28.1053],[84.4446,28.1047],[84.4458,28.1039],[84.4449,28.1002],[84.4453,28.0991],[84.4499,28.098],[84.4511,28.0969],[84.4537,28.096],[84.4546,28.0949],[84.4537,28.0923],[84.4589,28.0912],[84.4605,28.0895],[84.4626,28.084],[84.464,28.0827],[84.4676,28.0817],[84.4681,28.0806],[84.4678,28.0767],[84.4708,28.0755],[84.4718,28.0719],[84.4694,28.0706],[84.4704,28.0693],[84.4728,28.0692],[84.4761,28.0678],[84.4782,28.0652],[84.4781,28.0634],[84.4769,28.0612],[84.4798,28.058],[84.4783,28.0556],[84.474,28.0512],[84.469,28.0515],[84.4682,28.0502],[84.4704,28.0455],[84.4665,28.0439],[84.4675,28.0413],[84.4672,28.0397],[84.464,28.0388],[84.4639,28.0373],[84.4657,28.0351],[84.4656,28.0336],[84.464,28.0315],[84.4641,28.0296],[84.4663,28.0279],[84.4632,28.0256],[84.4617,28.0235],[84.4633,28.0209],[84.4619,28.0193],[84.4614,28.0172],[84.4623,28.0129],[84.4587,28.0071],[84.4594,28.0037],[84.4584,28.0031],[84.456,28.0033],[84.4547,28.0026],[84.4551,28.0004],[84.4524,27.9985],[84.4453,27.9925],[84.4441,27.9921],[84.4413,27.9932],[84.44,27.9922],[84.4424,27.9893],[84.4418,27.9881],[84.438,27.9883],[84.4348,27.9867],[84.4312,27.9864],[84.4299,27.9859],[84.429,27.9828],[84.426,27.9798],[84.4236,27.9785],[84.4226,27.9768],[84.4234,27.9734],[84.421,27.9694],[84.4244,27.9642],[84.4247,27.962],[84.4229,27.9589],[84.4231,27.9575],[84.4245,27.9559],[84.4257,27.955],[84.4274,27.9523],[84.4301,27.9508],[84.4337,27.95],[84.4384,27.9483],[84.441,27.9486],[84.4469,27.9461],[84.4487,27.9467],[84.4497,27.9489],[84.4521,27.9501],[84.457,27.9486],[84.4587,27.9469],[84.4591,27.9434],[84.4601,27.9423],[84.4622,27.9417],[84.4653,27.9435],[84.4675,27.9429],[84.4698,27.9411],[84.4726,27.9409],[84.4761,27.9394],[84.4753,27.9365],[84.4756,27.9355],[84.4779,27.9351],[84.4817,27.9335],[84.484,27.932],[84.4844,27.9293],[84.4859,27.9278],[84.4904,27.9263],[84.4967,27.9266],[84.502,27.9258],[84.5087,27.9228],[84.5105,27.9203],[84.5092,27.9187],[84.5032,27.9176],[84.5024,27.9161],[84.5036,27.9154],[84.5079,27.9146],[84.5111,27.9134],[84.5135,27.9145],[84.5137,27.9163],[84.5153,27.9175],[84.5167,27.917],[84.5178,27.9153],[84.5184,27.9131],[84.5199,27.9123],[84.5226,27.9142],[84.5252,27.9151],[84.5281,27.9146],[84.5341,27.9128],[84.5366,27.9137],[84.5375,27.9161],[84.5389,27.9174],[84.5411,27.9168],[84.5423,27.9135],[84.5418,27.9116],[84.5398,27.9099],[84.5398,27.9089],[84.5426,27.9066],[84.5476,27.9047],[84.5471,27.9035],[84.5435,27.9019],[84.5425,27.8967],[84.5429,27.8945],[84.5428,27.8852],[84.5442,27.8834],[84.5469,27.8816],[84.5467,27.8797],[84.5436,27.8781],[84.5427,27.8764],[84.5466,27.8697],[84.5475,27.8694],[84.5503,27.8706],[84.5533,27.8707],[84.5546,27.8697],[84.5529,27.867],[84.551,27.866],[84.5496,27.8642],[84.5502,27.8624],[84.5574,27.8595],[84.5605,27.8589],[84.5609,27.8577],[84.5591,27.8535],[84.5592,27.8509],[84.5604,27.8473],[84.5602,27.8448],[84.5589,27.8382],[84.5573,27.8356],[84.5521,27.8326],[84.5478,27.8315],[84.5452,27.832],[84.5433,27.8332],[84.5344,27.8328],[84.5309,27.8335],[84.5272,27.8332],[84.5229,27.8312],[84.5223,27.8267],[84.5226,27.8217],[84.5202,27.8165],[84.5189,27.8158],[84.5148,27.8153],[84.513,27.8155],[84.5102,27.8167],[84.5051,27.8195],[84.4986,27.8207],[84.4949,27.8192],[84.4907,27.8207],[84.4827,27.8214],[84.4765,27.8234],[84.4707,27.8241],[84.4675,27.8239],[84.4682,27.8222],[84.4683,27.8196],[84.4671,27.8187],[84.4568,27.8201],[84.4534,27.8214],[84.4479,27.8229],[84.4459,27.8217]]]}},{"type":"Feature","properties":{"name_en":"Chitwan","name_ne":"चितवन","status":"affected","province":"Bagmati Province"},"geometry":{"type":"Polygon","coordinates":[[[84.5412,27.3851],[84.5346,27.3837],[84.5326,27.3808],[84.5263,27.3831],[84.522,27.3838],[84.5133,27.3821],[84.5121,27.3805],[84.5062,27.3809],[84.5047,27.3797],[84.5045,27.3772],[84.5039,27.3763],[84.4977,27.3765],[84.496,27.3751],[84.4958,27.3737],[84.4941,27.3723],[84.4901,27.3713],[84.4896,27.3691],[84.4874,27.3667],[84.486,27.3659],[84.4863,27.3635],[84.4876,27.3606],[84.488,27.3583],[84.4842,27.3603],[84.4818,27.3608],[84.4786,27.3623],[84.475,27.358],[84.4749,27.3561],[84.4734,27.3548],[84.4718,27.355],[84.4681,27.3567],[84.4669,27.3595],[84.4635,27.3593],[84.4608,27.3607],[84.4599,27.3619],[84.4542,27.3629],[84.4504,27.3631],[84.4471,27.3645],[84.4462,27.3682],[84.4443,27.3696],[84.4426,27.37],[84.438,27.3693],[84.4326,27.371],[84.4301,27.3707],[84.4264,27.3718],[84.4246,27.3713],[84.4225,27.3697],[84.4201,27.3695],[84.4179,27.3706],[84.4156,27.3703],[84.4143,27.3689],[84.4123,27.3683],[84.4082,27.3702],[84.4058,27.3698],[84.4027,27.37],[84.4011,27.3692],[84.3995,27.3701],[84.3976,27.3698],[84.3948,27.368],[84.3933,27.3683],[84.3903,27.3719],[84.3819,27.3746],[84.3778,27.3753],[84.375,27.3764],[84.3738,27.3751],[84.3696,27.3744],[84.3585,27.3733],[84.3502,27.374],[84.3479,27.375],[84.3441,27.3758],[84.3409,27.3774],[84.3393,27.3776],[84.3369,27.3769],[84.3339,27.3776],[84.3328,27.3791],[84.3301,27.3802],[84.3261,27.3802],[84.3241,27.3813],[84.3197,27.3819],[84.3159,27.385],[84.3127,27.3865],[84.3074,27.3875],[84.3027,27.3902],[84.3003,27.389],[84.2975,27.3846],[84.2964,27.3841],[84.2935,27.3851],[84.291,27.3875],[84.2893,27.3902],[84.2871,27.3918],[84.2864,27.3947],[84.2841,27.3965],[84.2787,27.3952],[84.2777,27.4009],[84.2795,27.4026],[84.2812,27.4067],[84.2797,27.4099],[84.2804,27.4123],[84.2802,27.4157],[84.2769,27.4193],[84.2757,27.4211],[84.2756,27.4229],[84.2744,27.4256],[84.2747,27.4286],[84.2698,27.4318],[84.2683,27.4341],[84.264,27.4353],[84.2608,27.4385],[84.2606,27.442],[84.2617,27.4442],[84.2609,27.4464],[84.2579,27.4482],[84.2563,27.4502],[84.2563,27.4519],[84.2545,27.4528],[84.2515,27.4533],[84.2499,27.4528],[84.2478,27.453],[84.246,27.4545],[84.2422,27.4524],[84.2369,27.4538],[84.2338,27.4561],[84.2287,27.4506],[84.2262,27.4502],[84.2228,27.4469],[84.2232,27.4434],[84.2226,27.4413],[84.2209,27.4402],[84.2186,27.4413],[84.2147,27.441],[84.2105,27.4425],[84.209,27.4455],[84.2104,27.4529],[84.2094,27.4544],[84.2094,27.4568],[84.2062,27.4588],[84.2062,27.4598],[84.2109,27.4647],[84.2109,27.4653],[84.2083,27.4692],[84.2046,27.4703],[84.202,27.4717],[84.1993,27.4722],[84.1977,27.4718],[84.1963,27.473],[84.1936,27.4691],[84.1908,27.4719],[84.1868,27.4721],[84.1827,27.4738],[84.1786,27.4736],[84.1756,27.4753],[84.1737,27.4755],[84.1731,27.479],[84.1699,27.4794],[84.1691,27.4818],[84.1657,27.4836],[84.1616,27.4844],[84.1598,27.4834],[84.1579,27.484],[84.1557,27.4839],[84.1536,27.486],[84.1509,27.4859],[84.1509,27.4888],[84.1477,27.4922],[84.1484,27.4951],[84.1466,27.497],[84.152,27.501],[84.1505,27.5027],[84.1515,27.5043],[84.1508,27.5056],[84.1517,27.5068],[84.1516,27.5094],[84.1534,27.5102],[84.1521,27.5125],[84.153,27.5167],[84.1494,27.5171],[84.148,27.5186],[84.1455,27.5169],[84.1437,27.5178],[84.141,27.5176],[84.137,27.5146],[84.1358,27.5148],[84.1337,27.5126],[84.1303,27.5115],[84.1259,27.5109],[84.1247,27.5119],[84.1212,27.5125],[84.1196,27.5135],[84.1194,27.5177],[84.1188,27.5191],[84.116,27.5191],[84.1148,27.5199],[84.113,27.5192],[84.111,27.5214],[84.1068,27.5204],[84.1054,27.5191],[84.1021,27.5172],[84.1,27.517],[84.0997,27.5153],[84.1011,27.5134],[84.1018,27.5102],[84.1009,27.5073],[84.1008,27.5054],[84.0995,27.5043],[84.1007,27.5027],[84.0997,27.497],[84.0986,27.4944],[84.0977,27.4897],[84.0958,27.4884],[84.093,27.4882],[84.0919,27.4861],[84.09,27.485],[84.0842,27.4828],[84.0824,27.4839],[84.0799,27.4837],[84.0789,27.4825],[84.0771,27.4823],[84.0766,27.481],[84.0749,27.4803],[84.0727,27.4814],[84.0712,27.4793],[84.0703,27.4761],[84.0705,27.4732],[84.0694,27.4721],[84.0689,27.4697],[84.0676,27.4685],[84.0649,27.4674],[84.0643,27.465],[84.0626,27.4616],[84.0606,27.461],[84.0618,27.4579],[84.064,27.4563],[84.0634,27.4548],[84.0604,27.4534],[84.0606,27.4519],[84.0592,27.4504],[84.0568,27.4492],[84.0546,27.4449],[84.0538,27.4424],[84.0456,27.4431],[84.0444,27.4425],[84.041,27.4425],[84.0388,27.441],[84.037,27.4407],[84.0336,27.4412],[84.0329,27.4388],[84.0307,27.4396],[84.0291,27.4393],[84.0278,27.4379],[84.0293,27.4359],[84.029,27.4334],[84.0272,27.4336],[84.0248,27.4329],[84.0232,27.4335],[84.0207,27.4359],[84.0179,27.4346],[84.0159,27.4363],[84.0143,27.4385],[84.011,27.4375],[84.0099,27.4402],[84.0069,27.442],[84.0059,27.4411],[84.0043,27.4418],[84.0034,27.4403],[84.0015,27.4418],[84.0,27.4418],[83.9991,27.4435],[83.9989,27.4458],[83.9967,27.4459],[83.9941,27.4441],[83.9894,27.4433],[83.9873,27.4438],[83.9848,27.4429],[83.9806,27.4393],[83.9799,27.4423],[83.9771,27.4427],[83.9745,27.442],[83.9718,27.4445],[83.9673,27.4463],[83.9643,27.4438],[83.9624,27.4441],[83.9599,27.4429],[83.9561,27.4422],[83.9522,27.442],[83.9485,27.441],[83.9462,27.442],[83.9452,27.4441],[83.9462,27.4461],[83.9443,27.4475],[83.9417,27.4486],[83.9362,27.4483],[83.9333,27.4494],[83.9371,27.4506],[83.9414,27.4549],[83.945,27.4613],[83.9467,27.4656],[83.9466,27.4696],[83.9457,27.4733],[83.9434,27.4786],[83.9421,27.4832],[83.9422,27.4844],[83.9406,27.4882],[83.9408,27.4913],[83.9432,27.4937],[83.9469,27.4952],[83.9598,27.5002],[83.9639,27.5024],[83.9686,27.506],[83.9708,27.5095],[83.9714,27.512],[83.9715,27.5159],[83.97,27.5191],[83.967,27.523],[83.9586,27.5269],[83.9564,27.5274],[83.953,27.5263],[83.9497,27.5199],[83.9482,27.5181],[83.944,27.5155],[83.9408,27.5142],[83.9374,27.5133],[83.9322,27.5128],[83.9277,27.5145],[83.9241,27.5179],[83.9235,27.5199],[83.9242,27.5247],[83.9221,27.5262],[83.9212,27.5293],[83.9208,27.5328],[83.9215,27.5391],[83.9221,27.5409],[83.9265,27.5444],[83.9281,27.5449],[83.9331,27.5453],[83.9344,27.5451],[83.9415,27.5419],[83.9473,27.5402],[83.95,27.5399],[83.9534,27.5411],[83.957,27.5434],[83.9586,27.547],[83.9598,27.5482],[83.9644,27.5493],[83.9713,27.5503],[83.974,27.5501],[83.9767,27.5494],[83.9804,27.5475],[83.9835,27.545],[83.9886,27.5435],[83.9941,27.5432],[83.998,27.544],[84.0,27.5452],[84.0024,27.5453],[84.0076,27.5446],[84.0102,27.5438],[84.0164,27.5396],[84.0217,27.5379],[84.0275,27.5369],[84.0333,27.537],[84.0386,27.5385],[84.0409,27.5403],[84.0439,27.5451],[84.0452,27.5506],[84.0478,27.5539],[84.0518,27.5561],[84.0546,27.5563],[84.0599,27.5547],[84.062,27.5531],[84.0665,27.5511],[84.0691,27.5516],[84.0702,27.5527],[84.073,27.5572],[84.0767,27.5593],[84.0798,27.559],[84.0856,27.5574],[84.0896,27.5553],[84.0924,27.5545],[84.0976,27.5539],[84.1028,27.5537],[84.1094,27.5515],[84.1115,27.5515],[84.1168,27.5531],[84.1215,27.5562],[84.1219,27.5598],[84.1253,27.563],[84.1277,27.5659],[84.1283,27.5711],[84.1299,27.5746],[84.1312,27.5766],[84.1374,27.5843],[84.1438,27.5886],[84.1458,27.5905],[84.1519,27.5972],[84.1532,27.5982],[84.1619,27.6034],[84.1664,27.6067],[84.1701,27.6102],[84.1767,27.6175],[84.1792,27.6194],[84.1862,27.6235],[84.1929,27.6282],[84.1971,27.6299],[84.2031,27.6341],[84.208,27.6382],[84.2143,27.6404],[84.2166,27.6419],[84.2203,27.6434],[84.2273,27.6443],[84.2327,27.6459],[84.2371,27.6491],[84.2432,27.6516],[84.2493,27.6529],[84.2529,27.6539],[84.2583,27.6508],[84.2606,27.6512],[84.2636,27.6556],[84.2652,27.657],[84.2684,27.659],[84.2723,27.6623],[84.2737,27.6629],[84.2778,27.6633],[84.289,27.6664],[84.2945,27.6681],[84.2991,27.6703],[84.302,27.6723],[84.3079,27.6757],[84.3118,27.6777],[84.3228,27.6842],[84.3251,27.6863],[84.3262,27.6894],[84.3262,27.692],[84.3282,27.6942],[84.3321,27.6963],[84.3395,27.6987],[84.3452,27.7018],[84.3476,27.7026],[84.3508,27.7029],[84.3568,27.701],[84.3625,27.6978],[84.3647,27.6954],[84.366,27.6901],[84.3673,27.6884],[84.3718,27.6845],[84.374,27.6839],[84.375,27.6827],[84.3777,27.6815],[84.3802,27.6811],[84.3826,27.6814],[84.3891,27.6853],[84.3908,27.6856],[84.3928,27.6873],[84.3966,27.6889],[84.4046,27.693],[84.4072,27.6948],[84.4103,27.6962],[84.4194,27.6997],[84.4216,27.7002],[84.4277,27.7024],[84.4301,27.7035],[84.4328,27.7056],[84.4335,27.7094],[84.4329,27.713],[84.431,27.719],[84.4296,27.7225],[84.4279,27.7304],[84.4256,27.7355],[84.4242,27.7411],[84.4266,27.7422],[84.4297,27.7422],[84.4325,27.7413],[84.4352,27.741],[84.4392,27.7426],[84.4408,27.7438],[84.4439,27.7489],[84.45,27.757],[84.452,27.7588],[84.4558,27.7594],[84.4592,27.7593],[84.4624,27.7573],[84.4669,27.753],[84.4708,27.7516],[84.4736,27.7524],[84.4741,27.7539],[84.4736,27.7578],[84.4727,27.7607],[84.4695,27.767],[84.4621,27.7739],[84.4575,27.7762],[84.4541,27.7775],[84.4505,27.7782],[84.4452,27.7779],[84.4415,27.7782],[84.4402,27.779],[84.4363,27.7827],[84.4334,27.7867],[84.4321,27.7905],[84.432,27.7927],[84.4327,27.7955],[84.4331,27.8005],[84.4328,27.8018],[84.4343,27.8121],[84.4356,27.8139],[84.4375,27.815],[84.4406,27.8155],[84.4432,27.8172],[84.4438,27.8189],[84.4459,27.8217],[84.4479,27.8229],[84.4534,27.8214],[84.4568,27.8201],[84.4671,27.8187],[84.4683,27.8196],[84.4682,27.8222],[84.4675,27.8239],[84.4707,27.8241],[84.4765,27.8234],[84.4827,27.8214],[84.4907,27.8207],[84.4949,27.8192],[84.4986,27.8207],[84.5051,27.8195],[84.5102,27.8167],[84.513,27.8155],[84.5148,27.8153],[84.5189,27.8158],[84.5202,27.8165],[84.5226,27.8217],[84.5223,27.8267],[84.5229,27.8312],[84.5272,27.8332],[84.5309,27.8335],[84.5344,27.8328],[84.5433,27.8332],[84.5452,27.832],[84.5478,27.8315],[84.5521,27.8326],[84.5573,27.8356],[84.5589,27.8382],[84.5602,27.8448],[84.5604,27.8473],[84.5592,27.8509],[84.5591,27.8535],[84.5609,27.8577],[84.5668,27.8582],[84.5696,27.8587],[84.5756,27.8612],[84.5791,27.864],[84.5795,27.8659],[84.5791,27.8707],[84.5802,27.8722],[84.5827,27.8742],[84.5866,27.8759],[84.5884,27.8774],[84.5921,27.8795],[84.5933,27.8795],[84.5955,27.8776],[84.5982,27.8761],[84.6038,27.8759],[84.6062,27.8747],[84.6071,27.872],[84.6103,27.8713],[84.6152,27.8725],[84.6162,27.8734],[84.6164,27.8757],[84.6201,27.8795],[84.622,27.8803],[84.627,27.8794],[84.6295,27.877],[84.6297,27.8745],[84.6289,27.8732],[84.6307,27.8708],[84.635,27.8694],[84.636,27.8687],[84.6359,27.8631],[84.6366,27.8611],[84.6381,27.8599],[84.6409,27.8595],[84.6441,27.8596],[84.6485,27.8604],[84.6519,27.8591],[84.652,27.8581],[84.649,27.8549],[84.6495,27.8532],[84.6513,27.8525],[84.657,27.8522],[84.6609,27.8509],[84.6629,27.8488],[84.6637,27.8454],[84.6662,27.8404],[84.6654,27.8359],[84.6633,27.8308],[84.6635,27.8285],[84.6679,27.8251],[84.664,27.8226],[84.6562,27.8234],[84.6552,27.8224],[84.6529,27.8219],[84.6462,27.8218],[84.6423,27.822],[84.6334,27.819],[84.6326,27.8183],[84.6255,27.8165],[84.6239,27.8151],[84.6233,27.8126],[84.6218,27.8108],[84.621,27.8089],[84.6268,27.8091],[84.6297,27.8071],[84.6316,27.8075],[84.6339,27.8064],[84.6372,27.8068],[84.6389,27.806],[84.6418,27.8036],[84.6479,27.7996],[84.6475,27.7949],[84.6468,27.7936],[84.6452,27.7932],[84.6414,27.7934],[84.6393,27.7943],[84.6398,27.791],[84.641,27.7871],[84.6402,27.7827],[84.6423,27.7828],[84.6475,27.784],[84.6502,27.7836],[84.6513,27.7798],[84.6548,27.7795],[84.6581,27.7807],[84.6604,27.781],[84.6672,27.781],[84.6748,27.7801],[84.6771,27.7777],[84.6751,27.7736],[84.6709,27.7667],[84.6712,27.7652],[84.6764,27.7627],[84.6796,27.7621],[84.6816,27.7611],[84.6834,27.7592],[84.6837,27.758],[84.6829,27.7552],[84.6817,27.7528],[84.6814,27.75],[84.6774,27.7464],[84.6774,27.744],[84.6724,27.738],[84.6732,27.7355],[84.6757,27.7332],[84.6768,27.7304],[84.6777,27.73],[84.6824,27.7303],[84.6858,27.726],[84.6914,27.725],[84.6948,27.721],[84.6984,27.7251],[84.7023,27.7272],[84.707,27.727],[84.7107,27.7278],[84.7174,27.7259],[84.7207,27.7282],[84.7224,27.7281],[84.725,27.7293],[84.7283,27.7287],[84.7303,27.7271],[84.7315,27.7273],[84.7376,27.7315],[84.7404,27.7327],[84.7539,27.7351],[84.7597,27.7354],[84.761,27.7324],[84.7635,27.7311],[84.7664,27.7279],[84.7727,27.7222],[84.7763,27.7207],[84.7809,27.72],[84.7849,27.7175],[84.7896,27.716],[84.7926,27.7123],[84.7951,27.7106],[84.7987,27.709],[84.7983,27.7059],[84.796,27.7025],[84.7943,27.6971],[84.7915,27.6934],[84.7884,27.6919],[84.7891,27.6904],[84.792,27.688],[84.7944,27.6867],[84.7906,27.6833],[84.7883,27.6826],[84.7856,27.6799],[84.7843,27.6774],[84.7834,27.6737],[84.7821,27.6714],[84.7788,27.6699],[84.7778,27.6682],[84.775,27.6677],[84.7723,27.6679],[84.773,27.6663],[84.7724,27.6644],[84.7725,27.6614],[84.7697,27.6565],[84.7671,27.6554],[84.7651,27.6555],[84.7607,27.6535],[84.756,27.6543],[84.7558,27.6522],[84.7543,27.651],[84.7545,27.6496],[84.7512,27.6488],[84.749,27.6489],[84.7482,27.6479],[84.7457,27.6473],[84.745,27.65],[84.7482,27.6527],[84.7484,27.655],[84.7477,27.6556],[84.742,27.6562],[84.7399,27.6558],[84.7374,27.6566],[84.7337,27.6556],[84.7329,27.6525],[84.7297,27.6499],[84.7298,27.649],[84.7321,27.6475],[84.732,27.646],[84.7287,27.6461],[84.7256,27.6468],[84.7235,27.6455],[84.7232,27.6431],[84.7201,27.6395],[84.7195,27.6372],[84.7207,27.6342],[84.7221,27.6329],[84.7249,27.6313],[84.7255,27.6287],[84.7252,27.6261],[84.7283,27.6263],[84.7321,27.6253],[84.7338,27.624],[84.7342,27.6226],[84.733,27.6202],[84.7338,27.6169],[84.7363,27.6168],[84.7372,27.6157],[84.7361,27.6124],[84.7377,27.611],[84.7376,27.6086],[84.7386,27.6058],[84.7384,27.6045],[84.7401,27.6037],[84.7375,27.5974],[84.7353,27.5962],[84.7357,27.5928],[84.7363,27.5914],[84.7352,27.5889],[84.7356,27.5877],[84.7331,27.5818],[84.7307,27.5792],[84.7291,27.5787],[84.7245,27.5752],[84.7227,27.5735],[84.7207,27.5704],[84.717,27.5664],[84.7154,27.5652],[84.7107,27.5607],[84.7058,27.5583],[84.6986,27.561],[84.6971,27.5629],[84.6928,27.5638],[84.6898,27.5619],[84.6887,27.5588],[84.6859,27.5547],[84.6837,27.554],[84.6822,27.5507],[84.6834,27.5491],[84.684,27.5456],[84.6855,27.5443],[84.6843,27.5382],[84.6835,27.5367],[84.6842,27.5341],[84.684,27.5323],[84.6821,27.5294],[84.6812,27.526],[84.6813,27.5239],[84.6833,27.518],[84.6828,27.5131],[84.684,27.5088],[84.6884,27.504],[84.6893,27.5022],[84.6914,27.5],[84.6934,27.4962],[84.6938,27.4943],[84.6955,27.491],[84.6946,27.4856],[84.6961,27.4838],[84.6964,27.4821],[84.6978,27.4799],[84.6967,27.4779],[84.6989,27.4756],[84.6971,27.4741],[84.6949,27.4738],[84.693,27.4727],[84.693,27.4715],[84.6947,27.4704],[84.6952,27.4684],[84.6913,27.4645],[84.6889,27.4632],[84.6891,27.4615],[84.6921,27.4623],[84.6938,27.4613],[84.6942,27.4592],[84.6912,27.4573],[84.6875,27.4568],[84.6881,27.4535],[84.6852,27.4505],[84.6833,27.4503],[84.6829,27.4481],[84.6805,27.4484],[84.6771,27.4462],[84.6747,27.4454],[84.6735,27.4456],[84.6699,27.4444],[84.6683,27.4398],[84.669,27.4374],[84.668,27.4327],[84.6669,27.4292],[84.6651,27.4294],[84.6639,27.4328],[84.6617,27.4319],[84.6587,27.4324],[84.6548,27.4302],[84.6502,27.4288],[84.6488,27.4291],[84.6481,27.4309],[84.6474,27.4344],[84.6458,27.436],[84.6453,27.4381],[84.6452,27.4425],[84.6438,27.4438],[84.6408,27.4436],[84.6373,27.4442],[84.6338,27.4469],[84.6329,27.4483],[84.6312,27.4488],[84.6303,27.4506],[84.6279,27.4498],[84.625,27.4495],[84.6233,27.4509],[84.6206,27.4514],[84.6162,27.4512],[84.6114,27.452],[84.609,27.4541],[84.6066,27.4534],[84.6024,27.4514],[84.6011,27.4532],[84.5977,27.4543],[84.5932,27.453],[84.5894,27.4542],[84.5879,27.4559],[84.5856,27.4559],[84.5831,27.4539],[84.5809,27.4541],[84.5782,27.4537],[84.5756,27.4565],[84.5753,27.4585],[84.57,27.4603],[84.5688,27.4622],[84.5674,27.4629],[84.563,27.4623],[84.5604,27.4598],[84.5598,27.4581],[84.5603,27.4538],[84.5587,27.4509],[84.5597,27.4488],[84.5584,27.4442],[84.558,27.4413],[84.5563,27.4394],[84.5548,27.4388],[84.5535,27.4369],[84.553,27.4325],[84.5521,27.4298],[84.55,27.4265],[84.5502,27.4176],[84.5456,27.4177],[84.5439,27.4192],[84.5418,27.4187],[84.5402,27.4174],[84.5388,27.4151],[84.5346,27.4139],[84.5363,27.4123],[84.5414,27.4114],[84.5429,27.4104],[84.5471,27.4097],[84.5484,27.4079],[84.549,27.4044],[84.548,27.4036],[84.5456,27.4032],[84.5408,27.4037],[84.538,27.4031],[84.5369,27.4015],[84.5367,27.398],[84.5376,27.3937],[84.538,27.3912],[84.5416,27.3874],[84.5412,27.3851]]]}},{"type":"Feature","properties":{"name_en":"Nawalparasi East","name_ne":"नवलपरासी पूर्व","status":"affected","province":"Gandaki Province"},"geometry":{"type":"Polygon","coordinates":[[[83.9371,27.4506],[83.9333,27.4494],[83.9186,27.4424],[83.9108,27.4397],[83.9073,27.439],[83.8976,27.4376],[83.8947,27.441],[83.8912,27.4433],[83.8898,27.4463],[83.8892,27.4502],[83.8892,27.4549],[83.8903,27.4585],[83.8919,27.4615],[83.8858,27.4638],[83.8879,27.4683],[83.8878,27.4703],[83.8886,27.4724],[83.8876,27.4768],[83.8872,27.4808],[83.884,27.4818],[83.8827,27.4837],[83.8801,27.4847],[83.8778,27.4872],[83.8768,27.4895],[83.8824,27.4923],[83.8847,27.4943],[83.8857,27.4959],[83.8884,27.4954],[83.8907,27.4967],[83.8924,27.4986],[83.8961,27.4994],[83.8998,27.4986],[83.8993,27.5],[83.8965,27.5035],[83.8939,27.5056],[83.8889,27.5083],[83.8876,27.5084],[83.8847,27.5074],[83.8829,27.5075],[83.8808,27.5088],[83.8785,27.5093],[83.8777,27.5104],[83.8786,27.5158],[83.8804,27.5201],[83.8836,27.5212],[83.8848,27.5231],[83.8841,27.527],[83.8845,27.5277],[83.8828,27.5293],[83.8809,27.5322],[83.8776,27.5346],[83.874,27.5399],[83.8718,27.5416],[83.8688,27.5432],[83.8641,27.5449],[83.8605,27.5456],[83.8595,27.5471],[83.8577,27.548],[83.8559,27.5505],[83.8541,27.5562],[83.8527,27.5588],[83.8491,27.5602],[83.8472,27.5585],[83.8458,27.5583],[83.8437,27.556],[83.8433,27.5539],[83.8446,27.551],[83.8439,27.549],[83.8413,27.5475],[83.8406,27.5456],[83.8389,27.546],[83.8395,27.5493],[83.8394,27.5513],[83.8377,27.5546],[83.8364,27.5563],[83.8347,27.5596],[83.8353,27.5612],[83.8339,27.5631],[83.8337,27.5655],[83.8416,27.5717],[83.8436,27.5721],[83.8431,27.574],[83.8382,27.5856],[83.8352,27.5878],[83.8332,27.5871],[83.8298,27.5898],[83.8258,27.5919],[83.8222,27.5923],[83.8189,27.59],[83.8161,27.5891],[83.8102,27.5885],[83.81,27.5897],[83.812,27.5934],[83.8105,27.596],[83.8083,27.5967],[83.8041,27.5964],[83.8032,27.596],[83.8007,27.5985],[83.7981,27.5993],[83.797,27.6012],[83.7926,27.6049],[83.7919,27.6065],[83.7939,27.6074],[83.7963,27.6095],[83.7999,27.6098],[83.802,27.6123],[83.8017,27.614],[83.7993,27.6185],[83.7992,27.6197],[83.8008,27.6208],[83.8042,27.6203],[83.8072,27.6206],[83.807,27.6232],[83.8052,27.6251],[83.8049,27.6274],[83.8031,27.6292],[83.8046,27.6322],[83.8068,27.6324],[83.8118,27.635],[83.8124,27.6398],[83.8107,27.641],[83.809,27.6476],[83.812,27.6482],[83.8127,27.6509],[83.8145,27.6528],[83.814,27.6544],[83.812,27.655],[83.8131,27.6575],[83.8139,27.6622],[83.8106,27.6621],[83.8083,27.6627],[83.8018,27.6653],[83.796,27.6662],[83.7886,27.6662],[83.7862,27.6667],[83.7809,27.6665],[83.7775,27.666],[83.7704,27.6664],[83.7679,27.6643],[83.7652,27.661],[83.762,27.6624],[83.7609,27.6641],[83.7603,27.6672],[83.7577,27.6668],[83.7527,27.6669],[83.749,27.6666],[83.7468,27.6666],[83.7443,27.6678],[83.7428,27.6695],[83.7353,27.6691],[83.7334,27.6705],[83.731,27.6712],[83.7291,27.6708],[83.7272,27.6723],[83.7225,27.6697],[83.721,27.667],[83.7194,27.6659],[83.7179,27.6632],[83.7163,27.6621],[83.7141,27.662],[83.7116,27.6608],[83.7101,27.6589],[83.7079,27.6587],[83.7068,27.6607],[83.7051,27.662],[83.7036,27.6613],[83.7016,27.6622],[83.6973,27.6619],[83.6983,27.6629],[83.6995,27.6661],[83.6999,27.6684],[83.7009,27.6698],[83.7017,27.674],[83.7014,27.6761],[83.7027,27.6783],[83.7045,27.6798],[83.7036,27.6809],[83.7065,27.6819],[83.7064,27.6832],[83.7042,27.6854],[83.703,27.6881],[83.6992,27.6914],[83.6968,27.694],[83.694,27.6952],[83.6918,27.698],[83.6917,27.7017],[83.6922,27.7038],[83.692,27.7063],[83.6912,27.7089],[83.6898,27.7102],[83.6878,27.7137],[83.6848,27.718],[83.6841,27.7183],[83.6791,27.7184],[83.6806,27.7199],[83.684,27.7207],[83.6859,27.7205],[83.6897,27.7192],[83.6937,27.7186],[83.6964,27.7161],[83.6998,27.7157],[83.7025,27.7166],[83.7034,27.7159],[83.7085,27.7151],[83.7114,27.7157],[83.7128,27.7149],[83.7158,27.7155],[83.7173,27.7151],[83.7208,27.7118],[83.7231,27.7119],[83.7236,27.7105],[83.7253,27.7098],[83.7315,27.7094],[83.7344,27.714],[83.7379,27.7147],[83.7415,27.7148],[83.7436,27.7157],[83.7472,27.7189],[83.7503,27.7194],[83.7532,27.7208],[83.7557,27.7207],[83.7584,27.72],[83.7614,27.7221],[83.7651,27.7214],[83.7701,27.7221],[83.7754,27.7237],[83.778,27.7238],[83.7796,27.7237],[83.7844,27.7249],[83.7865,27.7242],[83.7887,27.7245],[83.7909,27.7227],[83.7944,27.7217],[83.7986,27.7219],[83.8035,27.7211],[83.8067,27.7181],[83.8113,27.7161],[83.813,27.7141],[83.8178,27.7133],[83.8231,27.7105],[83.825,27.7118],[83.8259,27.7133],[83.8273,27.7139],[83.8303,27.714],[83.8332,27.7134],[83.8357,27.7138],[83.8409,27.7107],[83.8449,27.7106],[83.8483,27.7093],[83.8509,27.7114],[83.8468,27.7155],[83.8463,27.7209],[83.8466,27.7233],[83.8462,27.7269],[83.844,27.7309],[83.8452,27.7332],[83.8474,27.7349],[83.8538,27.7331],[83.862,27.7343],[83.8645,27.7337],[83.8688,27.7338],[83.8712,27.7345],[83.8725,27.7339],[83.8777,27.7331],[83.8782,27.7353],[83.881,27.735],[83.8826,27.7333],[83.8856,27.7349],[83.8866,27.7329],[83.8895,27.732],[83.8908,27.73],[83.8952,27.7311],[83.898,27.7299],[83.9006,27.7317],[83.9041,27.7301],[83.9061,27.7317],[83.9057,27.7333],[83.9064,27.7355],[83.9097,27.7346],[83.9101,27.7332],[83.9085,27.7314],[83.9129,27.7306],[83.9152,27.7309],[83.9176,27.7284],[83.9187,27.7285],[83.9206,27.7294],[83.9235,27.7266],[83.9263,27.7267],[83.9271,27.7305],[83.9303,27.734],[83.9324,27.7349],[83.9335,27.7363],[83.9363,27.7375],[83.939,27.7393],[83.9433,27.7416],[83.947,27.744],[83.9486,27.7436],[83.9495,27.7453],[83.9541,27.7464],[83.959,27.7471],[83.9619,27.7466],[83.9626,27.7481],[83.9657,27.7479],[83.9668,27.7469],[83.9696,27.7472],[83.9702,27.7488],[83.9731,27.7496],[83.9742,27.7478],[83.9788,27.7474],[83.981,27.7488],[83.9834,27.749],[83.988,27.7479],[83.9898,27.7483],[83.9956,27.7506],[83.9964,27.7513],[83.9944,27.7534],[83.9944,27.7556],[83.9955,27.7592],[83.9948,27.7604],[83.9959,27.762],[83.9962,27.7663],[84.0001,27.7727],[84.0013,27.7745],[84.0021,27.7774],[84.0022,27.7806],[84.0014,27.7843],[84.0025,27.7885],[84.0051,27.7919],[84.0072,27.7954],[84.0089,27.7973],[84.0102,27.7976],[84.0145,27.801],[84.0156,27.8036],[84.0162,27.8089],[84.0172,27.8115],[84.0202,27.8142],[84.0224,27.8154],[84.0219,27.8171],[84.0243,27.8188],[84.0268,27.818],[84.0279,27.8216],[84.0276,27.8241],[84.0286,27.8259],[84.0274,27.8284],[84.0287,27.8295],[84.0273,27.832],[84.0271,27.8351],[84.0249,27.8366],[84.0223,27.8407],[84.0244,27.8433],[84.0251,27.8467],[84.0246,27.8483],[84.0263,27.8497],[84.0278,27.8524],[84.0293,27.8535],[84.0306,27.8562],[84.0338,27.8562],[84.0359,27.8575],[84.0393,27.8577],[84.0423,27.8565],[84.0432,27.8552],[84.0413,27.8526],[84.0408,27.851],[84.0419,27.85],[84.0442,27.8498],[84.045,27.8506],[84.045,27.8544],[84.0475,27.856],[84.0495,27.8563],[84.0513,27.8557],[84.0536,27.8528],[84.0535,27.8493],[84.0557,27.8489],[84.0618,27.8523],[84.0695,27.8562],[84.0715,27.8588],[84.0712,27.8612],[84.0717,27.8629],[84.0736,27.8648],[84.0754,27.8655],[84.0771,27.8648],[84.0785,27.8631],[84.081,27.864],[84.0795,27.868],[84.0802,27.8694],[84.0854,27.8694],[84.0931,27.8671],[84.0988,27.8662],[84.1025,27.8663],[84.1036,27.8647],[84.1018,27.8627],[84.0981,27.8601],[84.0978,27.8582],[84.1018,27.8554],[84.1047,27.8548],[84.1075,27.858],[84.109,27.861],[84.11,27.8617],[84.1121,27.861],[84.1138,27.8582],[84.1156,27.8529],[84.116,27.8517],[84.1189,27.8506],[84.1219,27.8515],[84.1233,27.8538],[84.1233,27.8552],[84.122,27.8577],[84.1219,27.8591],[84.1249,27.86],[84.1288,27.859],[84.1313,27.856],[84.1317,27.8545],[84.1305,27.8521],[84.1278,27.8507],[84.1251,27.8503],[84.1229,27.8478],[84.126,27.8458],[84.1284,27.8452],[84.1313,27.8456],[84.1381,27.8481],[84.1453,27.8501],[84.1467,27.8502],[84.1518,27.8473],[84.1542,27.847],[84.1566,27.8479],[84.1588,27.8472],[84.1581,27.8447],[84.1566,27.8425],[84.1571,27.8404],[84.1583,27.8395],[84.1621,27.8399],[84.165,27.8417],[84.1645,27.8465],[84.1675,27.8464],[84.1716,27.8455],[84.1741,27.8475],[84.175,27.8518],[84.1762,27.8522],[84.1794,27.8511],[84.1833,27.8505],[84.1914,27.8466],[84.1952,27.8467],[84.1993,27.8487],[84.2022,27.8515],[84.2058,27.852],[84.209,27.8499],[84.2099,27.8482],[84.2096,27.8467],[84.2081,27.844],[84.2083,27.8414],[84.2113,27.8386],[84.2139,27.84],[84.2124,27.8429],[84.2127,27.8449],[84.2141,27.8458],[84.2169,27.8465],[84.2197,27.8463],[84.2225,27.844],[84.2258,27.8375],[84.2272,27.8364],[84.2286,27.8368],[84.2309,27.8407],[84.2294,27.8428],[84.2298,27.8455],[84.2331,27.8464],[84.2367,27.8442],[84.2395,27.8448],[84.2417,27.8463],[84.2461,27.8461],[84.248,27.8452],[84.2487,27.8436],[84.2508,27.8409],[84.2536,27.8386],[84.257,27.8379],[84.2606,27.838],[84.2634,27.839],[84.268,27.8385],[84.2689,27.8373],[84.2678,27.8338],[84.2697,27.8323],[84.2716,27.8325],[84.2727,27.8353],[84.2747,27.8362],[84.2849,27.8378],[84.2881,27.837],[84.2935,27.8377],[84.2946,27.8365],[84.2964,27.8344],[84.2971,27.8316],[84.2985,27.8284],[84.3011,27.8247],[84.3023,27.8224],[84.305,27.8204],[84.3069,27.82],[84.3079,27.8183],[84.3067,27.8166],[84.303,27.8151],[84.3042,27.8102],[84.3033,27.8083],[84.3007,27.8074],[84.3001,27.8057],[84.3007,27.8016],[84.3018,27.7987],[84.3018,27.7959],[84.3022,27.7922],[84.3046,27.7905],[84.3073,27.79],[84.3116,27.7873],[84.3142,27.7866],[84.316,27.7852],[84.3183,27.7802],[84.3204,27.7746],[84.3197,27.7713],[84.3177,27.7669],[84.3176,27.7637],[84.3188,27.7618],[84.3234,27.7597],[84.3246,27.7583],[84.3265,27.7504],[84.3273,27.7485],[84.3306,27.7477],[84.334,27.7488],[84.3362,27.7487],[84.3411,27.7441],[84.3435,27.7448],[84.3448,27.7502],[84.3479,27.7511],[84.35,27.7496],[84.3535,27.7487],[84.3547,27.7491],[84.3571,27.7515],[84.3629,27.7534],[84.3643,27.7562],[84.3637,27.7577],[84.3642,27.7602],[84.3658,27.7614],[84.3667,27.7637],[84.3665,27.7663],[84.3683,27.7699],[84.3685,27.7718],[84.3703,27.7748],[84.3749,27.7779],[84.3786,27.7788],[84.3832,27.7786],[84.3849,27.7775],[84.3897,27.7768],[84.3943,27.7753],[84.4007,27.7709],[84.402,27.7696],[84.4032,27.7672],[84.4063,27.7631],[84.4084,27.7616],[84.4146,27.7593],[84.4193,27.759],[84.4209,27.7575],[84.4221,27.7542],[84.4215,27.7525],[84.4195,27.7514],[84.4204,27.7485],[84.4254,27.7477],[84.4262,27.7455],[84.4234,27.7433],[84.4242,27.7411],[84.4256,27.7355],[84.4279,27.7304],[84.4296,27.7225],[84.431,27.719],[84.4329,27.713],[84.4335,27.7094],[84.4328,27.7056],[84.4301,27.7035],[84.4277,27.7024],[84.4216,27.7002],[84.4194,27.6997],[84.4103,27.6962],[84.4072,27.6948],[84.4046,27.693],[84.3966,27.6889],[84.3928,27.6873],[84.3908,27.6856],[84.3891,27.6853],[84.3826,27.6814],[84.3802,27.6811],[84.3777,27.6815],[84.375,27.6827],[84.374,27.6839],[84.3718,27.6845],[84.3673,27.6884],[84.366,27.6901],[84.3647,27.6954],[84.3625,27.6978],[84.3568,27.701],[84.3508,27.7029],[84.3476,27.7026],[84.3452,27.7018],[84.3395,27.6987],[84.3321,27.6963],[84.3282,27.6942],[84.3262,27.692],[84.3262,27.6894],[84.3251,27.6863],[84.3228,27.6842],[84.3118,27.6777],[84.3079,27.6757],[84.302,27.6723],[84.2991,27.6703],[84.2945,27.6681],[84.289,27.6664],[84.2778,27.6633],[84.2737,27.6629],[84.2723,27.6623],[84.2684,27.659],[84.2652,27.657],[84.2636,27.6556],[84.2606,27.6512],[84.2583,27.6508],[84.2529,27.6539],[84.2493,27.6529],[84.2432,27.6516],[84.2371,27.6491],[84.2327,27.6459],[84.2273,27.6443],[84.2203,27.6434],[84.2166,27.6419],[84.2143,27.6404],[84.208,27.6382],[84.2031,27.6341],[84.1971,27.6299],[84.1929,27.6282],[84.1862,27.6235],[84.1792,27.6194],[84.1767,27.6175],[84.1701,27.6102],[84.1664,27.6067],[84.1619,27.6034],[84.1532,27.5982],[84.1519,27.5972],[84.1458,27.5905],[84.1438,27.5886],[84.1374,27.5843],[84.1312,27.5766],[84.1299,27.5746],[84.1283,27.5711],[84.1277,27.5659],[84.1253,27.563],[84.1219,27.5598],[84.1215,27.5562],[84.1168,27.5531],[84.1115,27.5515],[84.1094,27.5515],[84.1028,27.5537],[84.0976,27.5539],[84.0924,27.5545],[84.0896,27.5553],[84.0856,27.5574],[84.0798,27.559],[84.0767,27.5593],[84.073,27.5572],[84.0702,27.5527],[84.0691,27.5516],[84.0665,27.5511],[84.062,27.5531],[84.0599,27.5547],[84.0546,27.5563],[84.0518,27.5561],[84.0478,27.5539],[84.0452,27.5506],[84.0439,27.5451],[84.0409,27.5403],[84.0386,27.5385],[84.0333,27.537],[84.0275,27.5369],[84.0217,27.5379],[84.0164,27.5396],[84.0102,27.5438],[84.0076,27.5446],[84.0024,27.5453],[84.0,27.5452],[83.998,27.544],[83.9941,27.5432],[83.9886,27.5435],[83.9835,27.545],[83.9804,27.5475],[83.9767,27.5494],[83.974,27.5501],[83.9713,27.5503],[83.9644,27.5493],[83.9598,27.5482],[83.9586,27.547],[83.957,27.5434],[83.9534,27.5411],[83.95,27.5399],[83.9473,27.5402],[83.9415,27.5419],[83.9344,27.5451],[83.9331,27.5453],[83.9281,27.5449],[83.9265,27.5444],[83.9221,27.5409],[83.9215,27.5391],[83.9208,27.5328],[83.9212,27.5293],[83.9221,27.5262],[83.9242,27.5247],[83.9235,27.5199],[83.9241,27.5179],[83.9277,27.5145],[83.9322,27.5128],[83.9374,27.5133],[83.9408,27.5142],[83.944,27.5155],[83.9482,27.5181],[83.9497,27.5199],[83.953,27.5263],[83.9564,27.5274],[83.9586,27.5269],[83.967,27.523],[83.97,27.5191],[83.9715,27.5159],[83.9714,27.512],[83.9708,27.5095],[83.9686,27.506],[83.9639,27.5024],[83.9598,27.5002],[83.9469,27.4952],[83.9432,27.4937],[83.9408,27.4913],[83.9406,27.4882],[83.9422,27.4844],[83.9421,27.4832],[83.9434,27.4786],[83.9457,27.4733],[83.9466,27.4696],[83.9467,27.4656],[83.945,27.4613],[83.9414,27.4549],[83.9371,27.4506]]]}}]}